Sample,Population,isFemale,isCase,Hipster
HG00096,GBR,false,FALSE,0
HG00097,GBR,true,FALSE,0
HG00099,GBR,true,TRUE,1
HG00100,GBR,true,FALSE,0
HG00101,GBR,false,FALSE,0
HG00102,GBR,true,FALSE,0
HG00103,GBR,false,TRUE,1
HG00105,GBR,false,FALSE,0
HG00106,GBR,true,TRUE,1
HG00107,GBR,false,FALSE,0
HG00108,GBR,false,FALSE,0
HG00109,GBR,false,TRUE,1
HG00110,GBR,true,FALSE,0
HG00111,GBR,true,TRUE,1
HG00112,GBR,false,TRUE,1
HG00113,GBR,false,TRUE,1
HG00114,GBR,false,TRUE,1
HG00115,GBR,false,TRUE,1
HG00116,GBR,false,FALSE,0
HG00117,GBR,false,FALSE,0
HG00118,GBR,true,FALSE,0
HG00119,GBR,false,FALSE,0
HG00120,GBR,true,FALSE,0
HG00121,GBR,true,FALSE,0
HG00122,GBR,true,TRUE,1
HG00123,GBR,true,FALSE,0
HG00125,GBR,true,TRUE,1
HG00126,GBR,false,FALSE,0
HG00127,GBR,true,TRUE,1
HG00128,GBR,true,TRUE,1
HG00129,GBR,false,TRUE,1
HG00130,GBR,true,FALSE,0
HG00131,GBR,false,TRUE,1
HG00132,GBR,true,FALSE,0
HG00133,GBR,true,FALSE,0
HG00136,GBR,false,TRUE,1
HG00137,GBR,true,FALSE,0
HG00138,GBR,false,FALSE,0
HG00139,GBR,false,FALSE,0
HG00140,GBR,false,TRUE,1
HG00141,GBR,false,TRUE,1
HG00142,GBR,false,FALSE,0
HG00143,GBR,false,FALSE,0
HG00145,GBR,false,TRUE,1
HG00146,GBR,true,TRUE,1
HG00148,GBR,false,FALSE,0
HG00149,GBR,false,TRUE,1
HG00150,GBR,true,TRUE,1
HG00151,GBR,false,TRUE,1
HG00154,GBR,true,TRUE,1
HG00155,GBR,false,FALSE,0
HG00157,GBR,false,TRUE,1
HG00158,GBR,true,TRUE,1
HG00159,GBR,false,TRUE,1
HG00160,GBR,false,FALSE,0
HG00171,FIN,true,FALSE,0
HG00173,FIN,true,FALSE,0
HG00174,FIN,true,FALSE,0
HG00176,FIN,true,TRUE,1
HG00177,FIN,true,FALSE,0
HG00178,FIN,true,FALSE,0
HG00179,FIN,true,FALSE,0
HG00180,FIN,true,FALSE,0
HG00181,FIN,false,TRUE,1
HG00182,FIN,false,FALSE,0
HG00183,FIN,false,FALSE,0
HG00185,FIN,false,FALSE,0
HG00186,FIN,false,FALSE,0
HG00187,FIN,false,FALSE,0
HG00188,FIN,false,FALSE,0
HG00189,FIN,false,TRUE,1
HG00190,FIN,false,FALSE,0
HG00231,GBR,true,TRUE,1
HG00232,GBR,true,TRUE,1
HG00233,GBR,true,FALSE,0
HG00234,GBR,false,FALSE,0
HG00235,GBR,true,FALSE,0
HG00236,GBR,true,TRUE,1
HG00237,GBR,true,FALSE,0
HG00238,GBR,true,TRUE,1
HG00239,GBR,true,FALSE,0
HG00240,GBR,true,FALSE,0
HG00242,GBR,false,FALSE,0
HG00243,GBR,false,TRUE,1
HG00244,GBR,false,FALSE,0
HG00245,GBR,true,TRUE,1
HG00246,GBR,false,FALSE,0
HG00250,GBR,true,FALSE,0
HG00251,GBR,false,TRUE,1
HG00252,GBR,false,FALSE,0
HG00253,GBR,true,TRUE,1
HG00254,GBR,true,TRUE,1
HG00255,GBR,true,FALSE,0
HG00256,GBR,false,FALSE,0
HG00257,GBR,true,FALSE,0
HG00258,GBR,true,TRUE,1
HG00259,GBR,true,FALSE,0
HG00260,GBR,false,FALSE,0
HG00261,GBR,true,TRUE,1
HG00262,GBR,true,TRUE,1
HG00263,GBR,true,TRUE,1
HG00264,GBR,false,FALSE,0
HG00265,GBR,false,TRUE,1
HG00266,FIN,true,TRUE,1
HG00267,FIN,false,FALSE,0
HG00268,FIN,true,FALSE,0
HG00269,FIN,true,FALSE,0
HG00271,FIN,false,FALSE,0
HG00272,FIN,true,TRUE,1
HG00273,FIN,false,TRUE,1
HG00274,FIN,true,FALSE,0
HG00275,FIN,true,FALSE,0
HG00276,FIN,true,TRUE,1
HG00277,FIN,false,TRUE,1
HG00278,FIN,false,FALSE,0
HG00280,FIN,false,TRUE,1
HG00281,FIN,true,TRUE,1
HG00282,FIN,true,FALSE,0
HG00284,FIN,false,FALSE,0
HG00285,FIN,true,FALSE,0
HG00288,FIN,true,TRUE,1
HG00290,FIN,false,TRUE,1
HG00304,FIN,true,TRUE,1
HG00306,FIN,true,TRUE,1
HG00308,FIN,false,TRUE,1
HG00309,FIN,true,FALSE,0
HG00310,FIN,false,FALSE,0
HG00311,FIN,false,FALSE,0
HG00313,FIN,true,FALSE,0
HG00315,FIN,true,FALSE,0
HG00318,FIN,true,FALSE,0
HG00319,FIN,true,TRUE,1
HG00320,FIN,true,TRUE,1
HG00321,FIN,false,TRUE,1
HG00323,FIN,true,FALSE,0
HG00324,FIN,true,FALSE,0
HG00325,FIN,false,TRUE,1
HG00326,FIN,true,TRUE,1
HG00327,FIN,true,TRUE,1
HG00328,FIN,true,TRUE,1
HG00329,FIN,false,TRUE,1
HG00330,FIN,true,TRUE,1
HG00331,FIN,true,FALSE,0
HG00332,FIN,true,FALSE,0
HG00334,FIN,true,TRUE,1
HG00335,FIN,false,TRUE,1
HG00336,FIN,false,FALSE,0
HG00337,FIN,true,FALSE,0
HG00338,FIN,false,TRUE,1
HG00339,FIN,true,FALSE,0
HG00341,FIN,false,FALSE,0
HG00342,FIN,false,TRUE,1
HG00343,FIN,true,TRUE,1
HG00344,FIN,true,TRUE,1
HG00345,FIN,false,FALSE,0
HG00346,FIN,true,FALSE,0
HG00349,FIN,true,TRUE,1
HG00350,FIN,true,FALSE,0
HG00351,FIN,false,FALSE,0
HG00353,FIN,true,TRUE,1
HG00355,FIN,true,TRUE,1
HG00356,FIN,true,TRUE,1
HG00357,FIN,true,FALSE,0
HG00358,FIN,false,FALSE,0
HG00360,FIN,false,TRUE,1
HG00361,FIN,true,FALSE,0
HG00362,FIN,true,TRUE,1
HG00364,FIN,true,FALSE,0
HG00365,FIN,true,TRUE,1
HG00366,FIN,false,TRUE,1
HG00367,FIN,true,FALSE,0
HG00368,FIN,true,TRUE,1
HG00369,FIN,false,TRUE,1
HG00371,FIN,false,TRUE,1
HG00372,FIN,false,FALSE,0
HG00373,FIN,true,TRUE,1
HG00375,FIN,false,FALSE,0
HG00376,FIN,true,TRUE,1
HG00378,FIN,true,FALSE,0
HG00379,FIN,true,TRUE,1
HG00380,FIN,true,FALSE,0
HG00381,FIN,true,TRUE,1
HG00382,FIN,false,TRUE,1
HG00383,FIN,true,FALSE,0
HG00384,FIN,true,TRUE,1
HG00403,CHS,false,FALSE,0
HG00404,CHS,true,TRUE,1
HG00406,CHS,false,TRUE,1
HG00407,CHS,true,FALSE,0
HG00409,CHS,false,FALSE,0
HG00410,CHS,true,TRUE,1
HG00419,CHS,true,TRUE,1
HG00421,CHS,false,TRUE,1
HG00422,CHS,true,FALSE,0
HG00428,CHS,true,FALSE,0
HG00436,CHS,false,FALSE,0
HG00437,CHS,true,FALSE,0
HG00442,CHS,false,FALSE,0
HG00443,CHS,true,TRUE,1
HG00445,CHS,false,FALSE,0
HG00446,CHS,true,TRUE,1
HG00448,CHS,false,FALSE,0
HG00449,CHS,true,FALSE,0
HG00451,CHS,false,TRUE,1
HG00452,CHS,true,FALSE,0
HG00457,CHS,false,TRUE,1
HG00458,CHS,true,TRUE,1
HG00463,CHS,false,FALSE,0
HG00464,CHS,true,FALSE,0
HG00472,CHS,false,FALSE,0
HG00473,CHS,true,FALSE,0
HG00475,CHS,false,FALSE,0
HG00476,CHS,true,TRUE,1
HG00478,CHS,false,TRUE,1
HG00479,CHS,true,TRUE,1
HG00500,CHS,false,TRUE,1
HG00513,CHS,true,FALSE,0
HG00524,CHS,false,TRUE,1
HG00525,CHS,true,FALSE,0
HG00530,CHS,false,TRUE,1
HG00531,CHS,true,FALSE,0
HG00533,CHS,false,TRUE,1
HG00534,CHS,true,FALSE,0
HG00536,CHS,false,FALSE,0
HG00537,CHS,true,FALSE,0
HG00542,CHS,false,TRUE,1
HG00543,CHS,true,TRUE,1
HG00551,PUR,true,TRUE,1
HG00553,PUR,false,FALSE,0
HG00554,PUR,true,FALSE,0
HG00556,CHS,false,FALSE,0
HG00557,CHS,true,FALSE,0
HG00559,CHS,false,TRUE,1
HG00560,CHS,true,FALSE,0
HG00565,CHS,false,TRUE,1
HG00566,CHS,true,FALSE,0
HG00580,CHS,false,FALSE,0
HG00581,CHS,true,TRUE,1
HG00583,CHS,false,TRUE,1
HG00584,CHS,true,FALSE,0
HG00589,CHS,false,FALSE,0
HG00590,CHS,true,FALSE,0
HG00592,CHS,false,FALSE,0
HG00593,CHS,true,TRUE,1
HG00595,CHS,false,TRUE,1
HG00596,CHS,true,TRUE,1
HG00598,CHS,false,TRUE,1
HG00599,CHS,true,TRUE,1
HG00607,CHS,false,FALSE,0
HG00608,CHS,true,TRUE,1
HG00610,CHS,false,TRUE,1
HG00611,CHS,true,TRUE,1
HG00613,CHS,false,TRUE,1
HG00614,CHS,true,FALSE,0
HG00619,CHS,false,FALSE,0
HG00620,CHS,true,TRUE,1
HG00622,CHS,false,TRUE,1
HG00623,CHS,true,FALSE,0
HG00625,CHS,false,TRUE,1
HG00626,CHS,true,TRUE,1
HG00628,CHS,false,TRUE,1
HG00629,CHS,true,TRUE,1
HG00631,CHS,false,FALSE,0
HG00632,CHS,true,FALSE,0
HG00634,CHS,false,FALSE,0
HG00637,PUR,false,FALSE,0
HG00638,PUR,true,TRUE,1
HG00640,PUR,false,FALSE,0
HG00641,PUR,true,TRUE,1
HG00650,CHS,false,FALSE,0
HG00651,CHS,true,TRUE,1
HG00653,CHS,false,TRUE,1
HG00654,CHS,true,TRUE,1
HG00656,CHS,false,FALSE,0
HG00657,CHS,true,FALSE,0
HG00662,CHS,false,TRUE,1
HG00663,CHS,true,TRUE,1
HG00671,CHS,false,TRUE,1
HG00672,CHS,true,TRUE,1
HG00674,CHS,false,FALSE,0
HG00675,CHS,true,TRUE,1
HG00683,CHS,false,FALSE,0
HG00684,CHS,true,TRUE,1
HG00689,CHS,false,FALSE,0
HG00690,CHS,true,FALSE,0
HG00692,CHS,false,TRUE,1
HG00693,CHS,true,FALSE,0
HG00698,CHS,false,FALSE,0
HG00699,CHS,true,TRUE,1
HG00701,CHS,false,FALSE,0
HG00704,CHS,false,TRUE,1
HG00705,CHS,true,FALSE,0
HG00707,CHS,false,FALSE,0
HG00708,CHS,true,TRUE,1
HG00717,CHS,true,FALSE,0
HG00728,CHS,false,FALSE,0
HG00729,CHS,true,FALSE,0
HG00731,PUR,false,FALSE,0
HG00732,PUR,true,FALSE,0
HG00734,PUR,true,FALSE,0
HG00736,PUR,false,FALSE,0
HG00737,PUR,true,FALSE,0
HG00739,PUR,false,FALSE,0
HG00740,PUR,true,TRUE,1
HG00742,PUR,false,FALSE,0
HG00743,PUR,true,TRUE,1
HG00759,CDX,true,FALSE,0
HG00766,CDX,true,FALSE,0
HG00844,CDX,false,FALSE,0
HG00851,CDX,true,TRUE,1
HG00864,CDX,true,FALSE,0
HG00867,CDX,true,FALSE,0
HG00879,CDX,true,FALSE,0
HG00881,CDX,false,FALSE,0
HG00956,CDX,true,TRUE,1
HG00978,CDX,true,TRUE,1
HG00982,CDX,false,TRUE,1
HG01028,CDX,false,TRUE,1
HG01029,CDX,true,FALSE,0
HG01031,CDX,false,TRUE,1
HG01046,CDX,true,TRUE,1
HG01047,PUR,false,TRUE,1
HG01048,PUR,false,FALSE,0
HG01049,PUR,true,FALSE,0
HG01051,PUR,false,TRUE,1
HG01052,PUR,true,FALSE,0
HG01054,PUR,false,TRUE,1
HG01055,PUR,true,FALSE,0
HG01058,PUR,true,FALSE,0
HG01060,PUR,false,TRUE,1
HG01061,PUR,true,FALSE,0
HG01063,PUR,false,FALSE,0
HG01064,PUR,true,TRUE,1
HG01066,PUR,false,TRUE,1
HG01067,PUR,true,FALSE,0
HG01069,PUR,false,FALSE,0
HG01070,PUR,true,FALSE,0
HG01072,PUR,false,FALSE,0
HG01073,PUR,true,TRUE,1
HG01075,PUR,false,FALSE,0
HG01077,PUR,true,FALSE,0
HG01079,PUR,false,FALSE,0
HG01080,PUR,true,TRUE,1
HG01082,PUR,false,FALSE,0
HG01083,PUR,true,TRUE,1
HG01085,PUR,false,TRUE,1
HG01086,PUR,true,FALSE,0
HG01088,PUR,false,FALSE,0
HG01089,PUR,true,TRUE,1
HG01092,PUR,true,TRUE,1
HG01094,PUR,false,TRUE,1
HG01095,PUR,true,TRUE,1
HG01097,PUR,false,FALSE,0
HG01098,PUR,true,FALSE,0
HG01101,PUR,false,FALSE,0
HG01102,PUR,true,FALSE,0
HG01104,PUR,false,FALSE,0
HG01105,PUR,true,FALSE,0
HG01107,PUR,false,FALSE,0
HG01108,PUR,true,FALSE,0
HG01110,PUR,false,FALSE,0
HG01111,PUR,true,FALSE,0
HG01112,CLM,false,TRUE,1
HG01113,CLM,true,TRUE,1
HG01119,CLM,true,FALSE,0
HG01121,CLM,false,TRUE,1
HG01122,CLM,true,TRUE,1
HG01124,CLM,false,TRUE,1
HG01125,CLM,true,TRUE,1
HG01130,CLM,false,TRUE,1
HG01131,CLM,true,TRUE,1
HG01133,CLM,false,FALSE,0
HG01134,CLM,true,TRUE,1
HG01136,CLM,false,FALSE,0
HG01137,CLM,true,FALSE,0
HG01139,CLM,false,TRUE,1
HG01140,CLM,true,FALSE,0
HG01142,CLM,false,FALSE,0
HG01148,CLM,false,TRUE,1
HG01149,CLM,true,FALSE,0
HG01161,PUR,false,TRUE,1
HG01162,PUR,true,FALSE,0
HG01164,PUR,false,FALSE,0
HG01167,PUR,false,TRUE,1
HG01168,PUR,true,TRUE,1
HG01170,PUR,false,TRUE,1
HG01171,PUR,true,TRUE,1
HG01173,PUR,false,FALSE,0
HG01174,PUR,true,FALSE,0
HG01176,PUR,false,FALSE,0
HG01177,PUR,true,FALSE,0
HG01182,PUR,false,TRUE,1
HG01183,PUR,true,TRUE,1
HG01187,PUR,false,FALSE,0
HG01188,PUR,true,TRUE,1
HG01190,PUR,false,TRUE,1
HG01191,PUR,true,TRUE,1
HG01197,PUR,false,TRUE,1
HG01198,PUR,true,FALSE,0
HG01200,PUR,false,FALSE,0
HG01204,PUR,false,TRUE,1
HG01205,PUR,true,FALSE,0
HG01241,PUR,false,TRUE,1
HG01242,PUR,true,TRUE,1
HG01247,PUR,false,TRUE,1
HG01248,PUR,true,FALSE,0
HG01250,CLM,false,FALSE,0
HG01251,CLM,true,FALSE,0
HG01253,CLM,false,FALSE,0
HG01254,CLM,true,FALSE,0
HG01256,CLM,false,TRUE,1
HG01257,CLM,true,TRUE,1
HG01259,CLM,false,TRUE,1
HG01260,CLM,true,FALSE,0
HG01269,CLM,true,TRUE,1
HG01271,CLM,false,TRUE,1
HG01272,CLM,true,FALSE,0
HG01275,CLM,true,FALSE,0
HG01277,CLM,false,TRUE,1
HG01280,CLM,false,FALSE,0
HG01281,CLM,true,FALSE,0
HG01284,CLM,true,TRUE,1
HG01286,PUR,false,FALSE,0
HG01302,PUR,false,TRUE,1
HG01303,PUR,true,TRUE,1
HG01305,PUR,false,TRUE,1
HG01308,PUR,false,TRUE,1
HG01311,PUR,false,TRUE,1
HG01312,PUR,true,TRUE,1
HG01323,PUR,true,FALSE,0
HG01325,PUR,false,TRUE,1
HG01326,PUR,true,FALSE,0
HG01334,GBR,false,FALSE,0
HG01341,CLM,false,FALSE,0
HG01342,CLM,true,TRUE,1
HG01344,CLM,false,TRUE,1
HG01345,CLM,true,TRUE,1
HG01348,CLM,true,FALSE,0
HG01350,CLM,false,FALSE,0
HG01351,CLM,true,TRUE,1
HG01353,CLM,false,TRUE,1
HG01354,CLM,true,TRUE,1
HG01356,CLM,false,FALSE,0
HG01357,CLM,true,TRUE,1
HG01359,CLM,false,TRUE,1
HG01360,CLM,true,TRUE,1
HG01362,CLM,false,FALSE,0
HG01363,CLM,true,TRUE,1
HG01365,CLM,false,FALSE,0
HG01366,CLM,true,FALSE,0
HG01369,CLM,true,TRUE,1
HG01372,CLM,true,FALSE,0
HG01374,CLM,false,FALSE,0
HG01375,CLM,true,FALSE,0
HG01377,CLM,false,FALSE,0
HG01378,CLM,true,TRUE,1
HG01383,CLM,false,FALSE,0
HG01384,CLM,true,FALSE,0
HG01389,CLM,false,FALSE,0
HG01390,CLM,true,FALSE,0
HG01392,PUR,false,FALSE,0
HG01393,PUR,true,FALSE,0
HG01395,PUR,false,TRUE,1
HG01396,PUR,true,TRUE,1
HG01398,PUR,false,TRUE,1
HG01402,PUR,false,FALSE,0
HG01403,PUR,true,FALSE,0
HG01405,PUR,false,TRUE,1
HG01412,PUR,false,TRUE,1
HG01413,PUR,false,TRUE,1
HG01414,PUR,true,TRUE,1
HG01431,CLM,false,TRUE,1
HG01432,CLM,true,FALSE,0
HG01435,CLM,true,TRUE,1
HG01437,CLM,false,FALSE,0
HG01438,CLM,true,TRUE,1
HG01440,CLM,false,TRUE,1
HG01441,CLM,true,FALSE,0
HG01443,CLM,false,FALSE,0
HG01444,CLM,true,TRUE,1
HG01447,CLM,true,TRUE,1
HG01455,CLM,false,TRUE,1
HG01456,CLM,true,FALSE,0
HG01459,CLM,true,FALSE,0
HG01461,CLM,false,TRUE,1
HG01462,CLM,true,FALSE,0
HG01464,CLM,false,FALSE,0
HG01465,CLM,true,TRUE,1
HG01468,CLM,true,TRUE,1
HG01474,CLM,true,TRUE,1
HG01479,CLM,false,TRUE,1
HG01485,CLM,false,FALSE,0
HG01486,CLM,true,FALSE,0
HG01488,CLM,false,FALSE,0
HG01489,CLM,true,FALSE,0
HG01491,CLM,false,TRUE,1
HG01492,CLM,true,TRUE,1
HG01494,CLM,false,FALSE,0
HG01495,CLM,true,TRUE,1
HG01497,CLM,false,TRUE,1
HG01498,CLM,true,TRUE,1
HG01500,IBS,false,TRUE,1
HG01501,IBS,true,FALSE,0
HG01503,IBS,false,FALSE,0
HG01504,IBS,true,FALSE,0
HG01506,IBS,false,TRUE,1
HG01507,IBS,true,TRUE,1
HG01509,IBS,false,FALSE,0
HG01510,IBS,true,FALSE,0
HG01512,IBS,false,FALSE,0
HG01513,IBS,true,FALSE,0
HG01515,IBS,false,FALSE,0
HG01516,IBS,true,TRUE,1
HG01518,IBS,false,TRUE,1
HG01519,IBS,true,FALSE,0
HG01521,IBS,false,FALSE,0
HG01522,IBS,true,FALSE,0
HG01524,IBS,false,TRUE,1
HG01525,IBS,true,TRUE,1
HG01527,IBS,false,FALSE,0
HG01528,IBS,true,TRUE,1
HG01530,IBS,false,TRUE,1
HG01531,IBS,true,TRUE,1
HG01536,IBS,false,FALSE,0
HG01537,IBS,true,FALSE,0
HG01550,CLM,false,FALSE,0
HG01551,CLM,true,TRUE,1
HG01556,CLM,false,TRUE,1
HG01565,PEL,false,TRUE,1
HG01566,PEL,true,TRUE,1
HG01571,PEL,false,TRUE,1
HG01572,PEL,true,FALSE,0
HG01577,PEL,false,TRUE,1
HG01578,PEL,true,FALSE,0
HG01583,PJL,false,FALSE,0
HG01586,PJL,false,TRUE,1
HG01589,PJL,false,FALSE,0
HG01593,PJL,true,FALSE,0
HG01595,KHV,true,FALSE,0
HG01596,KHV,false,TRUE,1
HG01597,KHV,true,FALSE,0
HG01598,KHV,true,TRUE,1
HG01599,KHV,true,FALSE,0
HG01600,KHV,true,TRUE,1
HG01602,IBS,true,FALSE,0
HG01603,IBS,false,TRUE,1
HG01605,IBS,true,FALSE,0
HG01606,IBS,false,FALSE,0
HG01607,IBS,true,FALSE,0
HG01608,IBS,false,TRUE,1
HG01610,IBS,false,FALSE,0
HG01612,IBS,true,FALSE,0
HG01613,IBS,true,TRUE,1
HG01615,IBS,false,TRUE,1
HG01617,IBS,false,FALSE,0
HG01618,IBS,true,FALSE,0
HG01619,IBS,false,TRUE,1
HG01620,IBS,true,FALSE,0
HG01623,IBS,true,TRUE,1
HG01624,IBS,false,TRUE,1
HG01625,IBS,false,TRUE,1
HG01626,IBS,true,FALSE,0
HG01628,IBS,true,TRUE,1
HG01630,IBS,false,TRUE,1
HG01631,IBS,false,TRUE,1
HG01632,IBS,true,FALSE,0
HG01668,IBS,true,FALSE,0
HG01669,IBS,false,TRUE,1
HG01670,IBS,true,TRUE,1
HG01672,IBS,false,FALSE,0
HG01673,IBS,true,FALSE,0
HG01675,IBS,false,TRUE,1
HG01676,IBS,true,TRUE,1
HG01678,IBS,false,TRUE,1
HG01679,IBS,true,TRUE,1
HG01680,IBS,false,TRUE,1
HG01682,IBS,false,TRUE,1
HG01684,IBS,true,TRUE,1
HG01685,IBS,true,TRUE,1
HG01686,IBS,false,FALSE,0
HG01694,IBS,false,TRUE,1
HG01695,IBS,true,TRUE,1
HG01697,IBS,true,TRUE,1
HG01699,IBS,false,TRUE,1
HG01700,IBS,false,TRUE,1
HG01702,IBS,true,TRUE,1
HG01704,IBS,true,FALSE,0
HG01705,IBS,false,TRUE,1
HG01707,IBS,true,FALSE,0
HG01708,IBS,false,FALSE,0
HG01709,IBS,false,TRUE,1
HG01710,IBS,true,FALSE,0
HG01746,IBS,true,TRUE,1
HG01747,IBS,false,FALSE,0
HG01756,IBS,false,FALSE,0
HG01757,IBS,true,TRUE,1
HG01761,IBS,false,TRUE,1
HG01762,IBS,true,FALSE,0
HG01765,IBS,false,TRUE,1
HG01766,IBS,true,TRUE,1
HG01767,IBS,false,TRUE,1
HG01768,IBS,true,TRUE,1
HG01770,IBS,true,TRUE,1
HG01771,IBS,false,TRUE,1
HG01773,IBS,true,TRUE,1
HG01775,IBS,false,TRUE,1
HG01776,IBS,true,FALSE,0
HG01777,IBS,false,FALSE,0
HG01779,IBS,true,FALSE,0
HG01781,IBS,false,FALSE,0
HG01783,IBS,false,TRUE,1
HG01784,IBS,true,TRUE,1
HG01785,IBS,false,TRUE,1
HG01786,IBS,true,TRUE,1
HG01789,GBR,false,FALSE,0
HG01790,GBR,true,TRUE,1
HG01791,GBR,false,TRUE,1
HG01794,CDX,true,TRUE,1
HG01795,CDX,true,TRUE,1
HG01796,CDX,true,TRUE,1
HG01797,CDX,true,TRUE,1
HG01798,CDX,true,FALSE,0
HG01799,CDX,true,FALSE,0
HG01800,CDX,true,TRUE,1
HG01801,CDX,true,TRUE,1
HG01802,CDX,true,FALSE,0
HG01804,CDX,true,FALSE,0
HG01805,CDX,true,TRUE,1
HG01806,CDX,true,TRUE,1
HG01807,CDX,true,TRUE,1
HG01808,CDX,true,FALSE,0
HG01809,CDX,true,TRUE,1
HG01810,CDX,false,FALSE,0
HG01811,CDX,false,TRUE,1
HG01812,CDX,true,FALSE,0
HG01813,CDX,true,TRUE,1
HG01815,CDX,true,TRUE,1
HG01816,CDX,false,TRUE,1
HG01817,CDX,true,FALSE,0
HG01840,KHV,false,TRUE,1
HG01841,KHV,true,FALSE,0
HG01842,KHV,false,TRUE,1
HG01843,KHV,true,FALSE,0
HG01844,KHV,false,FALSE,0
HG01845,KHV,true,FALSE,0
HG01846,KHV,false,FALSE,0
HG01847,KHV,true,TRUE,1
HG01848,KHV,true,FALSE,0
HG01849,KHV,false,TRUE,1
HG01850,KHV,true,FALSE,0
HG01851,KHV,true,TRUE,1
HG01852,KHV,false,TRUE,1
HG01853,KHV,true,TRUE,1
HG01855,KHV,true,TRUE,1
HG01857,KHV,true,FALSE,0
HG01858,KHV,true,TRUE,1
HG01859,KHV,true,TRUE,1
HG01860,KHV,false,TRUE,1
HG01861,KHV,false,TRUE,1
HG01862,KHV,true,FALSE,0
HG01863,KHV,true,TRUE,1
HG01864,KHV,false,TRUE,1
HG01865,KHV,false,FALSE,0
HG01866,KHV,false,FALSE,0
HG01867,KHV,false,TRUE,1
HG01868,KHV,true,FALSE,0
HG01869,KHV,true,TRUE,1
HG01870,KHV,true,TRUE,1
HG01871,KHV,true,FALSE,0
HG01872,KHV,false,TRUE,1
HG01873,KHV,false,FALSE,0
HG01874,KHV,true,FALSE,0
HG01878,KHV,true,TRUE,1
HG01879,ACB,false,FALSE,0
HG01880,ACB,true,FALSE,0
HG01882,ACB,false,TRUE,1
HG01883,ACB,true,FALSE,0
HG01885,ACB,false,TRUE,1
HG01886,ACB,true,TRUE,1
HG01889,ACB,true,TRUE,1
HG01890,ACB,false,TRUE,1
HG01892,PEL,false,TRUE,1
HG01893,PEL,true,TRUE,1
HG01894,ACB,true,FALSE,0
HG01896,ACB,true,FALSE,0
HG01912,ACB,false,FALSE,0
HG01914,ACB,false,FALSE,0
HG01915,ACB,true,TRUE,1
HG01917,PEL,false,FALSE,0
HG01918,PEL,true,TRUE,1
HG01920,PEL,false,TRUE,1
HG01921,PEL,true,TRUE,1
HG01923,PEL,false,TRUE,1
HG01924,PEL,true,FALSE,0
HG01926,PEL,false,FALSE,0
HG01927,PEL,true,TRUE,1
HG01932,PEL,false,TRUE,1
HG01933,PEL,true,FALSE,0
HG01935,PEL,false,TRUE,1
HG01936,PEL,true,FALSE,0
HG01938,PEL,false,FALSE,0
HG01939,PEL,true,TRUE,1
HG01941,PEL,false,FALSE,0
HG01942,PEL,true,FALSE,0
HG01944,PEL,false,TRUE,1
HG01945,PEL,true,FALSE,0
HG01947,PEL,false,FALSE,0
HG01948,PEL,true,TRUE,1
HG01950,PEL,false,TRUE,1
HG01951,PEL,true,TRUE,1
HG01953,PEL,false,FALSE,0
HG01954,PEL,true,FALSE,0
HG01956,ACB,true,TRUE,1
HG01958,ACB,true,FALSE,0
HG01961,PEL,false,TRUE,1
HG01965,PEL,true,TRUE,1
HG01967,PEL,false,TRUE,1
HG01968,PEL,true,TRUE,1
HG01970,PEL,false,FALSE,0
HG01971,PEL,true,TRUE,1
HG01973,PEL,true,FALSE,0
HG01974,PEL,false,TRUE,1
HG01976,PEL,true,TRUE,1
HG01977,PEL,false,TRUE,1
HG01979,PEL,false,FALSE,0
HG01980,PEL,true,FALSE,0
HG01982,PEL,false,TRUE,1
HG01985,ACB,true,FALSE,0
HG01986,ACB,false,FALSE,0
HG01988,ACB,false,TRUE,1
HG01989,ACB,true,TRUE,1
HG01990,ACB,false,TRUE,1
HG01991,PEL,false,TRUE,1
HG01992,PEL,true,FALSE,0
HG01997,PEL,true,FALSE,0
HG02002,PEL,false,TRUE,1
HG02003,PEL,true,TRUE,1
HG02006,PEL,true,FALSE,0
HG02008,PEL,false,TRUE,1
HG02009,ACB,false,TRUE,1
HG02010,ACB,true,FALSE,0
HG02012,ACB,true,TRUE,1
HG02013,ACB,false,FALSE,0
HG02014,ACB,false,FALSE,0
HG02016,KHV,true,FALSE,0
HG02017,KHV,false,FALSE,0
HG02019,KHV,true,FALSE,0
HG02020,KHV,false,TRUE,1
HG02023,KHV,false,FALSE,0
HG02025,KHV,true,TRUE,1
HG02026,KHV,false,TRUE,1
HG02028,KHV,true,TRUE,1
HG02029,KHV,false,FALSE,0
HG02031,KHV,true,FALSE,0
HG02032,KHV,false,TRUE,1
HG02035,KHV,false,FALSE,0
HG02040,KHV,false,TRUE,1
HG02047,KHV,false,FALSE,0
HG02048,KHV,true,TRUE,1
HG02049,KHV,true,TRUE,1
HG02050,KHV,false,TRUE,1
HG02051,ACB,false,FALSE,0
HG02052,ACB,true,TRUE,1
HG02053,ACB,false,TRUE,1
HG02054,ACB,true,TRUE,1
HG02057,KHV,true,TRUE,1
HG02058,KHV,false,TRUE,1
HG02060,KHV,true,FALSE,0
HG02061,KHV,false,FALSE,0
HG02064,KHV,false,TRUE,1
HG02067,KHV,false,FALSE,0
HG02069,KHV,true,TRUE,1
HG02070,KHV,false,FALSE,0
HG02072,KHV,true,FALSE,0
HG02073,KHV,false,FALSE,0
HG02075,KHV,true,FALSE,0
HG02076,KHV,false,FALSE,0
HG02078,KHV,true,FALSE,0
HG02079,KHV,false,TRUE,1
HG02081,KHV,true,TRUE,1
HG02082,KHV,false,FALSE,0
HG02084,KHV,true,FALSE,0
HG02085,KHV,false,FALSE,0
HG02086,KHV,true,FALSE,0
HG02087,KHV,true,FALSE,0
HG02088,KHV,false,TRUE,1
HG02089,PEL,true,TRUE,1
HG02090,PEL,false,FALSE,0
HG02095,ACB,true,FALSE,0
HG02102,PEL,true,TRUE,1
HG02104,PEL,false,TRUE,1
HG02105,PEL,true,TRUE,1
HG02107,ACB,false,FALSE,0
HG02108,ACB,true,FALSE,0
HG02111,ACB,true,FALSE,0
HG02113,KHV,true,TRUE,1
HG02116,KHV,false,FALSE,0
HG02121,KHV,true,FALSE,0
HG02122,KHV,false,TRUE,1
HG02127,KHV,true,FALSE,0
HG02128,KHV,false,TRUE,1
HG02130,KHV,true,TRUE,1
HG02131,KHV,false,TRUE,1
HG02133,KHV,true,FALSE,0
HG02134,KHV,false,TRUE,1
HG02136,KHV,true,TRUE,1
HG02137,KHV,false,FALSE,0
HG02138,KHV,false,FALSE,0
HG02139,KHV,true,TRUE,1
HG02140,KHV,true,FALSE,0
HG02141,KHV,false,TRUE,1
HG02142,KHV,true,FALSE,0
HG02143,ACB,false,FALSE,0
HG02144,ACB,true,FALSE,0
HG02146,PEL,false,TRUE,1
HG02147,PEL,true,FALSE,0
HG02150,PEL,false,FALSE,0
HG02151,CDX,true,FALSE,0
HG02152,CDX,true,TRUE,1
HG02153,CDX,true,FALSE,0
HG02154,CDX,true,FALSE,0
HG02155,CDX,true,TRUE,1
HG02156,CDX,true,TRUE,1
HG02164,CDX,true,TRUE,1
HG02165,CDX,true,FALSE,0
HG02166,CDX,true,FALSE,0
HG02178,CDX,true,FALSE,0
HG02179,CDX,true,TRUE,1
HG02180,CDX,true,FALSE,0
HG02181,CDX,true,TRUE,1
HG02182,CDX,true,FALSE,0
HG02184,CDX,true,FALSE,0
HG02185,CDX,true,TRUE,1
HG02186,CDX,true,TRUE,1
HG02187,CDX,true,TRUE,1
HG02188,CDX,true,FALSE,0
HG02190,CDX,true,FALSE,0
HG02215,GBR,true,TRUE,1
HG02219,IBS,false,FALSE,0
HG02220,IBS,true,TRUE,1
HG02221,IBS,false,FALSE,0
HG02223,IBS,true,TRUE,1
HG02224,IBS,false,FALSE,0
HG02230,IBS,true,TRUE,1
HG02231,IBS,false,TRUE,1
HG02232,IBS,true,TRUE,1
HG02233,IBS,false,TRUE,1
HG02235,IBS,true,FALSE,0
HG02236,IBS,false,TRUE,1
HG02238,IBS,false,FALSE,0
HG02239,IBS,true,FALSE,0
HG02250,CDX,false,TRUE,1
HG02252,PEL,true,FALSE,0
HG02253,PEL,false,TRUE,1
HG02255,ACB,false,TRUE,1
HG02256,ACB,true,TRUE,1
HG02259,PEL,false,TRUE,1
HG02260,PEL,true,TRUE,1
HG02262,PEL,false,FALSE,0
HG02265,PEL,false,TRUE,1
HG02266,PEL,true,TRUE,1
HG02271,PEL,false,TRUE,1
HG02272,PEL,true,FALSE,0
HG02274,PEL,false,FALSE,0
HG02275,PEL,true,TRUE,1
HG02277,PEL,false,FALSE,0
HG02278,PEL,true,FALSE,0
HG02281,ACB,false,TRUE,1
HG02282,ACB,true,FALSE,0
HG02283,ACB,false,TRUE,1
HG02284,ACB,false,FALSE,0
HG02285,PEL,false,FALSE,0
HG02286,PEL,true,TRUE,1
HG02291,PEL,false,TRUE,1
HG02292,PEL,true,FALSE,0
HG02298,PEL,true,TRUE,1
HG02299,PEL,false,FALSE,0
HG02301,PEL,true,TRUE,1
HG02304,PEL,false,FALSE,0
HG02307,ACB,false,TRUE,1
HG02308,ACB,true,TRUE,1
HG02309,ACB,true,TRUE,1
HG02312,PEL,true,FALSE,0
HG02314,ACB,false,FALSE,0
HG02315,ACB,true,FALSE,0
HG02317,ACB,false,FALSE,0
HG02318,ACB,true,TRUE,1
HG02322,ACB,true,TRUE,1
HG02323,ACB,false,TRUE,1
HG02325,ACB,true,TRUE,1
HG02330,ACB,false,TRUE,1
HG02332,ACB,false,FALSE,0
HG02334,ACB,false,TRUE,1
HG02337,ACB,true,FALSE,0
HG02339,ACB,true,TRUE,1
HG02343,ACB,false,FALSE,0
HG02345,PEL,true,TRUE,1
HG02348,PEL,true,TRUE,1
HG02351,CDX,false,FALSE,0
HG02353,CDX,false,TRUE,1
HG02355,CDX,false,FALSE,0
HG02356,CDX,false,TRUE,1
HG02360,CDX,false,FALSE,0
HG02364,CDX,false,TRUE,1
HG02367,CDX,false,FALSE,0
HG02371,CDX,false,TRUE,1
HG02373,CDX,false,TRUE,1
HG02374,CDX,false,TRUE,1
HG02375,CDX,false,FALSE,0
HG02379,CDX,false,TRUE,1
HG02380,CDX,false,TRUE,1
HG02382,CDX,false,TRUE,1
HG02383,CDX,false,FALSE,0
HG02384,CDX,false,FALSE,0
HG02385,CDX,false,TRUE,1
HG02386,CDX,false,TRUE,1
HG02389,CDX,false,FALSE,0
HG02390,CDX,false,TRUE,1
HG02391,CDX,false,TRUE,1
HG02392,CDX,false,FALSE,0
HG02394,CDX,false,TRUE,1
HG02395,CDX,false,FALSE,0
HG02396,CDX,false,FALSE,0
HG02397,CDX,false,FALSE,0
HG02398,CDX,false,FALSE,0
HG02399,CDX,false,TRUE,1
HG02401,CDX,false,TRUE,1
HG02402,CDX,false,FALSE,0
HG02406,CDX,false,TRUE,1
HG02407,CDX,false,FALSE,0
HG02408,CDX,false,FALSE,0
HG02409,CDX,false,FALSE,0
HG02410,CDX,false,FALSE,0
HG02419,ACB,true,FALSE,0
HG02420,ACB,false,TRUE,1
HG02425,PEL,true,TRUE,1
HG02427,ACB,true,FALSE,0
HG02429,ACB,false,FALSE,0
HG02433,ACB,false,FALSE,0
HG02439,ACB,false,FALSE,0
HG02442,ACB,false,TRUE,1
HG02445,ACB,false,TRUE,1
HG02449,ACB,false,FALSE,0
HG02450,ACB,true,FALSE,0
HG02455,ACB,false,TRUE,1
HG02461,GWD,false,TRUE,1
HG02462,GWD,true,FALSE,0
HG02464,GWD,false,TRUE,1
HG02465,GWD,true,TRUE,1
HG02470,ACB,false,FALSE,0
HG02471,ACB,true,TRUE,1
HG02476,ACB,true,FALSE,0
HG02477,ACB,true,FALSE,0
HG02479,ACB,true,TRUE,1
HG02481,ACB,false,FALSE,0
HG02484,ACB,false,FALSE,0
HG02485,ACB,true,TRUE,1
HG02489,ACB,false,FALSE,0
HG02490,PJL,false,FALSE,0
HG02491,PJL,true,FALSE,0
HG02493,PJL,false,FALSE,0
HG02494,PJL,true,FALSE,0
HG02496,ACB,false,TRUE,1
HG02497,ACB,true,TRUE,1
HG02501,ACB,false,TRUE,1
HG02502,ACB,true,TRUE,1
HG02505,ACB,true,FALSE,0
HG02508,ACB,true,TRUE,1
HG02511,ACB,true,FALSE,0
HG02512,KHV,false,FALSE,0
HG02513,KHV,true,FALSE,0
HG02521,KHV,false,FALSE,0
HG02522,KHV,true,FALSE,0
HG02536,ACB,false,FALSE,0
HG02537,ACB,true,TRUE,1
HG02541,ACB,false,FALSE,0
HG02545,ACB,false,TRUE,1
HG02546,ACB,true,TRUE,1
HG02549,ACB,true,FALSE,0
HG02554,ACB,false,TRUE,1
HG02555,ACB,true,FALSE,0
HG02557,ACB,false,FALSE,0
HG02558,ACB,true,FALSE,0
HG02561,GWD,false,TRUE,1
HG02562,GWD,true,FALSE,0
HG02568,GWD,true,FALSE,0
HG02570,GWD,false,FALSE,0
HG02571,GWD,true,TRUE,1
HG02573,GWD,false,TRUE,1
HG02574,GWD,true,TRUE,1
HG02577,ACB,true,FALSE,0
HG02580,ACB,true,TRUE,1
HG02582,GWD,false,TRUE,1
HG02583,GWD,true,FALSE,0
HG02585,GWD,false,TRUE,1
HG02586,GWD,true,TRUE,1
HG02588,GWD,false,FALSE,0
HG02589,GWD,true,TRUE,1
HG02594,GWD,false,FALSE,0
HG02595,GWD,true,FALSE,0
HG02597,PJL,false,FALSE,0
HG02600,PJL,false,TRUE,1
HG02601,PJL,true,TRUE,1
HG02603,PJL,false,TRUE,1
HG02604,PJL,true,FALSE,0
HG02610,GWD,false,FALSE,0
HG02611,GWD,true,TRUE,1
HG02613,GWD,false,FALSE,0
HG02614,GWD,true,TRUE,1
HG02620,GWD,false,FALSE,0
HG02621,GWD,true,TRUE,1
HG02623,GWD,false,TRUE,1
HG02624,GWD,true,FALSE,0
HG02628,GWD,false,TRUE,1
HG02629,GWD,true,TRUE,1
HG02634,GWD,false,FALSE,0
HG02635,GWD,true,FALSE,0
HG02642,GWD,false,FALSE,0
HG02643,GWD,true,FALSE,0
HG02645,GWD,false,TRUE,1
HG02646,GWD,true,FALSE,0
HG02648,PJL,false,TRUE,1
HG02649,PJL,true,FALSE,0
HG02651,PJL,false,TRUE,1
HG02652,PJL,true,FALSE,0
HG02654,PJL,false,TRUE,1
HG02655,PJL,true,FALSE,0
HG02657,PJL,false,TRUE,1
HG02658,PJL,true,TRUE,1
HG02660,PJL,false,TRUE,1
HG02661,PJL,true,FALSE,0
HG02666,GWD,false,FALSE,0
HG02667,GWD,true,FALSE,0
HG02675,GWD,false,FALSE,0
HG02676,GWD,true,TRUE,1
HG02678,GWD,false,FALSE,0
HG02679,GWD,true,TRUE,1
HG02681,PJL,false,FALSE,0
HG02682,PJL,true,FALSE,0
HG02684,PJL,false,FALSE,0
HG02685,PJL,true,FALSE,0
HG02687,PJL,false,TRUE,1
HG02688,PJL,true,TRUE,1
HG02690,PJL,false,TRUE,1
HG02691,PJL,true,FALSE,0
HG02694,PJL,true,TRUE,1
HG02696,PJL,false,FALSE,0
HG02697,PJL,true,FALSE,0
HG02699,PJL,false,TRUE,1
HG02700,PJL,true,TRUE,1
HG02702,GWD,false,TRUE,1
HG02703,GWD,true,FALSE,0
HG02715,GWD,false,TRUE,1
HG02716,GWD,true,FALSE,0
HG02721,GWD,false,FALSE,0
HG02722,GWD,true,TRUE,1
HG02724,PJL,false,TRUE,1
HG02725,PJL,true,TRUE,1
HG02727,PJL,false,TRUE,1
HG02728,PJL,true,TRUE,1
HG02731,PJL,true,TRUE,1
HG02733,PJL,false,TRUE,1
HG02734,PJL,true,FALSE,0
HG02736,PJL,false,TRUE,1
HG02737,PJL,true,FALSE,0
HG02756,GWD,false,TRUE,1
HG02757,GWD,true,FALSE,0
HG02759,GWD,false,TRUE,1
HG02760,GWD,true,TRUE,1
HG02763,GWD,true,FALSE,0
HG02768,GWD,false,FALSE,0
HG02769,GWD,true,FALSE,0
HG02771,GWD,false,FALSE,0
HG02772,GWD,true,FALSE,0
HG02774,PJL,false,TRUE,1
HG02775,PJL,true,TRUE,1
HG02778,PJL,true,TRUE,1
HG02780,PJL,false,FALSE,0
HG02783,PJL,false,FALSE,0
HG02784,PJL,true,TRUE,1
HG02786,PJL,false,TRUE,1
HG02787,PJL,true,FALSE,0
HG02789,PJL,false,FALSE,0
HG02790,PJL,true,TRUE,1
HG02792,PJL,false,TRUE,1
HG02793,PJL,true,TRUE,1
HG02798,GWD,false,TRUE,1
HG02799,GWD,true,FALSE,0
HG02804,GWD,false,TRUE,1
HG02805,GWD,true,TRUE,1
HG02807,GWD,false,TRUE,1
HG02808,GWD,true,FALSE,0
HG02810,GWD,false,FALSE,0
HG02811,GWD,true,TRUE,1
HG02813,GWD,false,TRUE,1
HG02814,GWD,true,FALSE,0
HG02816,GWD,false,TRUE,1
HG02817,GWD,true,FALSE,0
HG02819,GWD,false,FALSE,0
HG02820,GWD,true,FALSE,0
HG02836,GWD,false,FALSE,0
HG02837,GWD,true,FALSE,0
HG02839,GWD,false,TRUE,1
HG02840,GWD,true,TRUE,1
HG02851,GWD,false,TRUE,1
HG02852,GWD,true,FALSE,0
HG02854,GWD,false,TRUE,1
HG02855,GWD,true,TRUE,1
HG02860,GWD,false,FALSE,0
HG02861,GWD,true,TRUE,1
HG02870,GWD,true,TRUE,1
HG02878,GWD,false,FALSE,0
HG02879,GWD,true,FALSE,0
HG02881,GWD,false,FALSE,0
HG02882,GWD,true,FALSE,0
HG02884,GWD,false,FALSE,0
HG02885,GWD,true,FALSE,0
HG02887,GWD,false,FALSE,0
HG02888,GWD,true,TRUE,1
HG02890,GWD,false,TRUE,1
HG02891,GWD,true,TRUE,1
HG02895,GWD,false,TRUE,1
HG02896,GWD,true,FALSE,0
HG02922,ESN,true,TRUE,1
HG02923,ESN,false,FALSE,0
HG02938,ESN,false,FALSE,0
HG02941,ESN,false,TRUE,1
HG02943,ESN,true,TRUE,1
HG02944,ESN,false,TRUE,1
HG02946,ESN,true,FALSE,0
HG02947,ESN,false,TRUE,1
HG02952,ESN,true,TRUE,1
HG02953,ESN,false,TRUE,1
HG02968,ESN,false,TRUE,1
HG02970,ESN,true,TRUE,1
HG02971,ESN,false,FALSE,0
HG02973,ESN,false,TRUE,1
HG02974,ESN,true,FALSE,0
HG02976,ESN,true,FALSE,0
HG02977,ESN,false,TRUE,1
HG02979,ESN,true,TRUE,1
HG02981,ESN,false,FALSE,0
HG02982,GWD,false,TRUE,1
HG02983,GWD,true,TRUE,1
HG03006,BEB,false,FALSE,0
HG03007,BEB,true,FALSE,0
HG03009,BEB,false,FALSE,0
HG03012,BEB,false,FALSE,0
HG03015,PJL,false,TRUE,1
HG03016,PJL,true,TRUE,1
HG03018,PJL,false,TRUE,1
HG03019,PJL,true,TRUE,1
HG03021,PJL,false,FALSE,0
HG03022,PJL,true,TRUE,1
HG03024,GWD,false,FALSE,0
HG03025,GWD,true,TRUE,1
HG03027,GWD,false,TRUE,1
HG03028,GWD,true,TRUE,1
HG03039,GWD,false,TRUE,1
HG03040,GWD,true,TRUE,1
HG03045,GWD,false,FALSE,0
HG03046,GWD,true,TRUE,1
HG03048,GWD,false,TRUE,1
HG03049,GWD,true,TRUE,1
HG03052,MSL,true,TRUE,1
HG03054,MSL,false,TRUE,1
HG03055,MSL,true,TRUE,1
HG03057,MSL,false,FALSE,0
HG03058,MSL,true,FALSE,0
HG03060,MSL,false,TRUE,1
HG03061,MSL,true,TRUE,1
HG03063,MSL,false,TRUE,1
HG03064,MSL,true,TRUE,1
HG03066,MSL,false,FALSE,0
HG03069,MSL,false,TRUE,1
HG03072,MSL,false,FALSE,0
HG03073,MSL,true,TRUE,1
HG03074,MSL,false,TRUE,1
HG03077,MSL,false,FALSE,0
HG03078,MSL,false,FALSE,0
HG03079,MSL,true,FALSE,0
HG03081,MSL,false,FALSE,0
HG03082,MSL,true,FALSE,0
HG03084,MSL,false,TRUE,1
HG03085,MSL,true,FALSE,0
HG03086,MSL,true,FALSE,0
HG03088,MSL,true,TRUE,1
HG03091,MSL,true,TRUE,1
HG03095,MSL,true,TRUE,1
HG03096,MSL,false,FALSE,0
HG03097,MSL,true,TRUE,1
HG03099,ESN,true,TRUE,1
HG03100,ESN,false,TRUE,1
HG03103,ESN,false,TRUE,1
HG03105,ESN,true,FALSE,0
HG03108,ESN,true,FALSE,0
HG03109,ESN,false,TRUE,1
HG03111,ESN,true,TRUE,1
HG03112,ESN,false,TRUE,1
HG03114,ESN,true,TRUE,1
HG03115,ESN,false,TRUE,1
HG03117,ESN,true,FALSE,0
HG03118,ESN,false,FALSE,0
HG03120,ESN,false,FALSE,0
HG03121,ESN,true,FALSE,0
HG03123,ESN,true,FALSE,0
HG03124,ESN,false,FALSE,0
HG03126,ESN,true,FALSE,0
HG03127,ESN,false,FALSE,0
HG03129,ESN,true,FALSE,0
HG03130,ESN,false,TRUE,1
HG03132,ESN,true,FALSE,0
HG03133,ESN,false,TRUE,1
HG03135,ESN,true,FALSE,0
HG03136,ESN,false,TRUE,1
HG03139,ESN,false,FALSE,0
HG03157,ESN,false,TRUE,1
HG03159,ESN,true,FALSE,0
HG03160,ESN,false,FALSE,0
HG03162,ESN,true,TRUE,1
HG03163,ESN,false,FALSE,0
HG03166,ESN,false,FALSE,0
HG03168,ESN,true,FALSE,0
HG03169,ESN,false,TRUE,1
HG03172,ESN,false,FALSE,0
HG03175,ESN,false,FALSE,0
HG03189,ESN,true,TRUE,1
HG03190,ESN,false,FALSE,0
HG03193,ESN,false,TRUE,1
HG03195,ESN,true,TRUE,1
HG03196,ESN,false,FALSE,0
HG03198,ESN,true,FALSE,0
HG03199,ESN,false,TRUE,1
HG03202,ESN,false,FALSE,0
HG03209,MSL,false,FALSE,0
HG03212,MSL,true,FALSE,0
HG03224,MSL,false,TRUE,1
HG03225,MSL,false,FALSE,0
HG03228,PJL,false,TRUE,1
HG03229,PJL,true,FALSE,0
HG03234,PJL,false,TRUE,1
HG03235,PJL,true,FALSE,0
HG03237,PJL,false,TRUE,1
HG03238,PJL,true,TRUE,1
HG03240,GWD,false,TRUE,1
HG03241,GWD,true,TRUE,1
HG03246,GWD,false,TRUE,1
HG03247,GWD,true,FALSE,0
HG03258,GWD,false,TRUE,1
HG03259,GWD,true,TRUE,1
HG03265,ESN,false,TRUE,1
HG03267,ESN,true,FALSE,0
HG03268,ESN,false,FALSE,0
HG03270,ESN,true,TRUE,1
HG03271,ESN,false,FALSE,0
HG03279,ESN,true,TRUE,1
HG03280,ESN,false,TRUE,1
HG03291,ESN,true,TRUE,1
HG03294,ESN,true,FALSE,0
HG03295,ESN,false,TRUE,1
HG03297,ESN,true,TRUE,1
HG03298,ESN,false,TRUE,1
HG03300,ESN,true,TRUE,1
HG03301,ESN,false,TRUE,1
HG03303,ESN,true,TRUE,1
HG03304,ESN,false,FALSE,0
HG03311,ESN,false,FALSE,0
HG03313,ESN,false,TRUE,1
HG03342,ESN,true,FALSE,0
HG03343,ESN,false,FALSE,0
HG03351,ESN,true,TRUE,1
HG03352,ESN,false,FALSE,0
HG03354,ESN,true,TRUE,1
HG03363,ESN,true,TRUE,1
HG03366,ESN,true,FALSE,0
HG03367,ESN,false,FALSE,0
HG03369,ESN,true,TRUE,1
HG03370,ESN,false,TRUE,1
HG03372,ESN,true,FALSE,0
HG03376,MSL,false,TRUE,1
HG03378,MSL,true,FALSE,0
HG03380,MSL,true,TRUE,1
HG03382,MSL,false,TRUE,1
HG03385,MSL,false,TRUE,1
HG03388,MSL,false,FALSE,0
HG03391,MSL,false,TRUE,1
HG03394,MSL,false,TRUE,1
HG03397,MSL,false,FALSE,0
HG03401,MSL,true,FALSE,0
HG03410,MSL,true,FALSE,0
HG03419,MSL,true,FALSE,0
HG03428,MSL,true,FALSE,0
HG03432,MSL,false,TRUE,1
HG03433,MSL,false,FALSE,0
HG03436,MSL,false,FALSE,0
HG03437,MSL,true,TRUE,1
HG03439,MSL,false,FALSE,0
HG03442,MSL,false,TRUE,1
HG03445,MSL,false,TRUE,1
HG03446,MSL,true,FALSE,0
HG03449,MSL,true,TRUE,1
HG03451,MSL,false,TRUE,1
HG03452,MSL,true,FALSE,0
HG03455,MSL,true,FALSE,0
HG03457,MSL,false,TRUE,1
HG03458,MSL,true,TRUE,1
HG03460,MSL,false,FALSE,0
HG03461,MSL,true,FALSE,0
HG03464,MSL,true,FALSE,0
HG03469,MSL,false,TRUE,1
HG03470,MSL,true,TRUE,1
HG03472,MSL,false,FALSE,0
HG03473,MSL,true,FALSE,0
HG03476,MSL,true,FALSE,0
HG03478,MSL,false,FALSE,0
HG03479,MSL,true,TRUE,1
HG03484,MSL,false,FALSE,0
HG03485,MSL,true,TRUE,1
HG03488,PJL,true,FALSE,0
HG03490,PJL,false,FALSE,0
HG03491,PJL,true,FALSE,0
HG03499,ESN,true,TRUE,1
HG03511,ESN,true,TRUE,1
HG03514,ESN,true,FALSE,0
HG03515,ESN,false,TRUE,1
HG03517,ESN,true,TRUE,1
HG03518,ESN,false,TRUE,1
HG03520,ESN,true,TRUE,1
HG03521,ESN,false,TRUE,1
HG03538,GWD,false,TRUE,1
HG03539,GWD,true,TRUE,1
HG03547,MSL,false,FALSE,0
HG03548,MSL,true,FALSE,0
HG03556,MSL,false,FALSE,0
HG03557,MSL,true,FALSE,0
HG03558,MSL,true,FALSE,0
HG03559,MSL,false,TRUE,1
HG03563,MSL,true,TRUE,1
HG03565,MSL,false,FALSE,0
HG03567,MSL,true,FALSE,0
HG03571,MSL,false,FALSE,0
HG03572,MSL,true,FALSE,0
HG03575,MSL,true,TRUE,1
HG03577,MSL,false,FALSE,0
HG03578,MSL,true,FALSE,0
HG03583,MSL,true,FALSE,0
HG03585,BEB,false,TRUE,1
HG03589,BEB,true,TRUE,1
HG03593,BEB,false,FALSE,0
HG03594,BEB,false,TRUE,1
HG03595,BEB,true,FALSE,0
HG03598,BEB,true,TRUE,1
HG03600,BEB,false,FALSE,0
HG03603,BEB,false,FALSE,0
HG03604,BEB,true,TRUE,1
HG03607,BEB,true,TRUE,1
HG03611,BEB,true,TRUE,1
HG03615,BEB,false,TRUE,1
HG03616,BEB,true,FALSE,0
HG03619,PJL,true,FALSE,0
HG03624,PJL,false,TRUE,1
HG03625,PJL,true,FALSE,0
HG03629,PJL,false,FALSE,0
HG03631,PJL,true,FALSE,0
HG03634,PJL,true,TRUE,1
HG03636,PJL,false,FALSE,0
HG03640,PJL,true,TRUE,1
HG03642,STU,true,TRUE,1
HG03643,STU,true,FALSE,0
HG03644,STU,false,TRUE,1
HG03645,STU,true,FALSE,0
HG03646,STU,false,TRUE,1
HG03649,PJL,false,FALSE,0
HG03652,PJL,false,FALSE,0
HG03653,PJL,true,TRUE,1
HG03660,PJL,false,FALSE,0
HG03663,PJL,false,FALSE,0
HG03667,PJL,false,FALSE,0
HG03668,PJL,true,TRUE,1
HG03672,STU,false,FALSE,0
HG03673,STU,true,TRUE,1
HG03679,STU,false,FALSE,0
HG03680,STU,false,TRUE,1
HG03681,STU,false,FALSE,0
HG03684,STU,true,TRUE,1
HG03685,STU,false,TRUE,1
HG03686,STU,false,FALSE,0
HG03687,STU,false,FALSE,0
HG03689,STU,true,TRUE,1
HG03690,STU,true,TRUE,1
HG03691,STU,false,FALSE,0
HG03692,STU,true,TRUE,1
HG03693,STU,false,FALSE,0
HG03694,STU,false,TRUE,1
HG03695,STU,false,TRUE,1
HG03696,STU,false,TRUE,1
HG03697,STU,false,TRUE,1
HG03698,STU,true,TRUE,1
HG03702,PJL,false,TRUE,1
HG03703,PJL,true,TRUE,1
HG03705,PJL,false,FALSE,0
HG03706,PJL,true,FALSE,0
HG03708,PJL,false,FALSE,0
HG03709,PJL,true,FALSE,0
HG03711,STU,false,TRUE,1
HG03713,ITU,false,FALSE,0
HG03714,ITU,true,FALSE,0
HG03716,ITU,false,FALSE,0
HG03717,ITU,true,FALSE,0
HG03718,ITU,false,FALSE,0
HG03720,ITU,false,TRUE,1
HG03722,ITU,true,FALSE,0
HG03727,ITU,false,FALSE,0
HG03729,ITU,false,FALSE,0
HG03730,ITU,true,TRUE,1
HG03731,ITU,true,FALSE,0
HG03733,STU,true,TRUE,1
HG03736,STU,true,FALSE,0
HG03738,STU,false,FALSE,0
HG03740,STU,false,TRUE,1
HG03741,STU,true,TRUE,1
HG03742,ITU,false,FALSE,0
HG03743,STU,false,FALSE,0
HG03744,STU,false,FALSE,0
HG03745,STU,false,TRUE,1
HG03746,STU,false,FALSE,0
HG03750,STU,false,FALSE,0
HG03752,STU,true,TRUE,1
HG03753,STU,false,TRUE,1
HG03754,STU,true,FALSE,0
HG03755,STU,false,TRUE,1
HG03756,STU,true,TRUE,1
HG03757,STU,true,TRUE,1
HG03760,STU,true,TRUE,1
HG03762,PJL,true,TRUE,1
HG03765,PJL,true,TRUE,1
HG03767,PJL,false,TRUE,1
HG03770,ITU,true,FALSE,0
HG03771,ITU,false,FALSE,0
HG03772,ITU,true,TRUE,1
HG03773,ITU,false,FALSE,0
HG03774,ITU,true,TRUE,1
HG03775,ITU,false,TRUE,1
HG03777,ITU,false,TRUE,1
HG03778,ITU,false,FALSE,0
HG03779,ITU,false,TRUE,1
HG03780,ITU,true,FALSE,0
HG03781,ITU,true,TRUE,1
HG03782,ITU,true,TRUE,1
HG03784,ITU,true,FALSE,0
HG03785,ITU,false,TRUE,1
HG03786,ITU,false,TRUE,1
HG03787,ITU,true,TRUE,1
HG03788,ITU,false,TRUE,1
HG03789,ITU,true,TRUE,1
HG03790,ITU,false,FALSE,0
HG03792,ITU,false,FALSE,0
HG03793,BEB,true,FALSE,0
HG03796,BEB,true,FALSE,0
HG03800,BEB,false,TRUE,1
HG03802,BEB,true,FALSE,0
HG03803,BEB,false,FALSE,0
HG03805,BEB,true,FALSE,0
HG03808,BEB,true,TRUE,1
HG03809,BEB,false,FALSE,0
HG03812,BEB,false,FALSE,0
HG03814,BEB,true,TRUE,1
HG03815,BEB,false,TRUE,1
HG03817,BEB,true,TRUE,1
HG03821,BEB,false,FALSE,0
HG03823,BEB,true,TRUE,1
HG03824,BEB,false,TRUE,1
HG03826,BEB,true,FALSE,0
HG03829,BEB,true,FALSE,0
HG03830,BEB,false,FALSE,0
HG03832,BEB,true,TRUE,1
HG03833,BEB,false,TRUE,1
HG03836,STU,true,FALSE,0
HG03837,STU,false,FALSE,0
HG03838,STU,true,TRUE,1
HG03844,STU,false,TRUE,1
HG03846,STU,false,TRUE,1
HG03848,STU,false,TRUE,1
HG03849,STU,true,FALSE,0
HG03850,STU,false,TRUE,1
HG03851,STU,false,TRUE,1
HG03854,STU,false,FALSE,0
HG03856,STU,false,FALSE,0
HG03857,STU,true,TRUE,1
HG03858,STU,true,FALSE,0
HG03861,ITU,true,FALSE,0
HG03862,ITU,true,TRUE,1
HG03863,ITU,true,FALSE,0
HG03864,ITU,false,TRUE,1
HG03866,ITU,false,FALSE,0
HG03867,ITU,false,FALSE,0
HG03868,ITU,true,FALSE,0
HG03869,ITU,false,FALSE,0
HG03870,ITU,false,FALSE,0
HG03871,ITU,false,TRUE,1
HG03872,ITU,false,FALSE,0
HG03873,ITU,true,TRUE,1
HG03874,ITU,true,FALSE,0
HG03875,ITU,false,FALSE,0
HG03882,ITU,true,FALSE,0
HG03884,STU,true,FALSE,0
HG03885,STU,false,TRUE,1
HG03886,STU,true,FALSE,0
HG03887,STU,false,TRUE,1
HG03888,STU,true,FALSE,0
HG03890,STU,false,FALSE,0
HG03894,STU,true,FALSE,0
HG03895,STU,true,TRUE,1
HG03896,STU,false,FALSE,0
HG03897,STU,true,FALSE,0
HG03898,STU,true,FALSE,0
HG03899,STU,false,FALSE,0
HG03900,STU,false,FALSE,0
HG03902,BEB,false,FALSE,0
HG03905,BEB,false,FALSE,0
HG03907,BEB,true,TRUE,1
HG03908,BEB,false,TRUE,1
HG03910,BEB,true,TRUE,1
HG03911,BEB,false,TRUE,1
HG03913,BEB,true,TRUE,1
HG03914,BEB,false,FALSE,0
HG03916,BEB,true,FALSE,0
HG03917,BEB,false,FALSE,0
HG03919,BEB,true,TRUE,1
HG03920,BEB,false,FALSE,0
HG03922,BEB,true,FALSE,0
HG03925,BEB,true,FALSE,0
HG03926,BEB,false,TRUE,1
HG03928,BEB,true,FALSE,0
HG03931,BEB,true,FALSE,0
HG03934,BEB,true,FALSE,0
HG03937,BEB,true,TRUE,1
HG03940,BEB,true,FALSE,0
HG03941,BEB,false,FALSE,0
HG03943,STU,false,TRUE,1
HG03944,STU,true,FALSE,0
HG03945,STU,true,FALSE,0
HG03947,STU,true,FALSE,0
HG03949,STU,true,FALSE,0
HG03950,STU,false,FALSE,0
HG03951,STU,true,FALSE,0
HG03953,STU,false,FALSE,0
HG03955,STU,true,TRUE,1
HG03960,ITU,false,TRUE,1
HG03963,ITU,false,TRUE,1
HG03965,ITU,false,FALSE,0
HG03967,ITU,false,FALSE,0
HG03968,ITU,true,TRUE,1
HG03969,ITU,false,FALSE,0
HG03971,ITU,false,TRUE,1
HG03973,ITU,true,TRUE,1
HG03974,ITU,false,FALSE,0
HG03976,ITU,false,FALSE,0
HG03977,ITU,true,TRUE,1
HG03978,ITU,false,FALSE,0
HG03985,STU,false,TRUE,1
HG03986,STU,true,FALSE,0
HG03989,STU,true,FALSE,0
HG03990,STU,false,TRUE,1
HG03991,STU,false,FALSE,0
HG03995,STU,true,TRUE,1
HG03998,STU,false,FALSE,0
HG03999,STU,false,FALSE,0
HG04001,ITU,true,FALSE,0
HG04002,ITU,false,TRUE,1
HG04003,STU,false,FALSE,0
HG04006,STU,false,TRUE,1
HG04014,ITU,true,TRUE,1
HG04015,ITU,false,TRUE,1
HG04017,ITU,false,TRUE,1
HG04018,ITU,true,FALSE,0
HG04019,ITU,false,TRUE,1
HG04020,ITU,false,FALSE,0
HG04022,ITU,false,FALSE,0
HG04023,ITU,false,FALSE,0
HG04025,ITU,true,FALSE,0
HG04026,ITU,true,FALSE,0
HG04029,STU,true,FALSE,0
HG04033,STU,false,FALSE,0
HG04035,STU,true,TRUE,1
HG04038,STU,true,FALSE,0
HG04039,STU,false,TRUE,1
HG04042,STU,true,FALSE,0
HG04047,STU,true,TRUE,1
HG04054,ITU,true,TRUE,1
HG04056,ITU,false,FALSE,0
HG04059,ITU,true,TRUE,1
HG04060,ITU,false,FALSE,0
HG04061,ITU,false,TRUE,1
HG04062,ITU,true,FALSE,0
HG04063,ITU,true,FALSE,0
HG04070,ITU,true,TRUE,1
HG04075,STU,true,FALSE,0
HG04076,ITU,true,FALSE,0
HG04080,ITU,false,FALSE,0
HG04090,ITU,true,FALSE,0
HG04093,ITU,false,FALSE,0
HG04094,ITU,false,FALSE,0
HG04096,ITU,false,TRUE,1
HG04098,ITU,false,FALSE,0
HG04099,STU,true,FALSE,0
HG04100,STU,false,TRUE,1
HG04106,STU,true,TRUE,1
HG04107,STU,false,FALSE,0
HG04118,ITU,true,FALSE,0
HG04131,BEB,false,FALSE,0
HG04134,BEB,false,FALSE,0
HG04140,BEB,false,FALSE,0
HG04141,BEB,true,FALSE,0
HG04144,BEB,true,FALSE,0
HG04146,BEB,false,FALSE,0
HG04152,BEB,false,FALSE,0
HG04153,BEB,true,FALSE,0
HG04155,BEB,false,FALSE,0
HG04156,BEB,true,TRUE,1
HG04158,BEB,false,TRUE,1
HG04159,BEB,true,FALSE,0
HG04161,BEB,false,TRUE,1
HG04162,BEB,true,FALSE,0
HG04164,BEB,false,TRUE,1
HG04171,BEB,true,FALSE,0
HG04173,BEB,false,FALSE,0
HG04176,BEB,false,FALSE,0
HG04177,BEB,true,TRUE,1
HG04180,BEB,true,TRUE,1
HG04182,BEB,false,TRUE,1
HG04183,BEB,true,FALSE,0
HG04185,BEB,false,FALSE,0
HG04186,BEB,true,FALSE,0
HG04188,BEB,false,FALSE,0
HG04189,BEB,true,FALSE,0
HG04194,BEB,false,TRUE,1
HG04195,BEB,true,FALSE,0
HG04198,ITU,false,TRUE,1
HG04200,ITU,true,TRUE,1
HG04202,ITU,true,FALSE,0
HG04206,ITU,false,TRUE,1
HG04209,ITU,true,TRUE,1
HG04210,STU,false,FALSE,0
HG04211,ITU,false,TRUE,1
HG04212,ITU,true,FALSE,0
HG04214,ITU,true,TRUE,1
HG04216,ITU,true,FALSE,0
HG04219,ITU,false,TRUE,1
HG04222,ITU,false,FALSE,0
HG04225,ITU,false,FALSE,0
HG04227,STU,true,FALSE,0
HG04229,STU,false,TRUE,1
HG04235,ITU,false,TRUE,1
HG04238,ITU,false,TRUE,1
HG04239,ITU,false,FALSE,0
NA06984,CEU,false,TRUE,1
NA06985,CEU,true,FALSE,0
NA06986,CEU,false,FALSE,0
NA06989,CEU,true,FALSE,0
NA06994,CEU,false,TRUE,1
NA07000,CEU,true,FALSE,0
NA07037,CEU,true,FALSE,0
NA07048,CEU,false,FALSE,0
NA07051,CEU,false,FALSE,0
NA07056,CEU,true,FALSE,0
NA07347,CEU,false,TRUE,1
NA07357,CEU,false,TRUE,1
NA10847,CEU,true,FALSE,0
NA10851,CEU,false,FALSE,0
NA11829,CEU,false,TRUE,1
NA11830,CEU,true,TRUE,1
NA11831,CEU,false,FALSE,0
NA11832,CEU,true,TRUE,1
NA11840,CEU,true,TRUE,1
NA11843,CEU,false,FALSE,0
NA11881,CEU,false,FALSE,0
NA11892,CEU,true,TRUE,1
NA11893,CEU,false,FALSE,0
NA11894,CEU,true,TRUE,1
NA11918,CEU,true,TRUE,1
NA11919,CEU,false,TRUE,1
NA11920,CEU,true,TRUE,1
NA11930,CEU,false,FALSE,0
NA11931,CEU,true,FALSE,0
NA11932,CEU,false,TRUE,1
NA11933,CEU,true,TRUE,1
NA11992,CEU,false,FALSE,0
NA11994,CEU,false,TRUE,1
NA11995,CEU,true,TRUE,1
NA12003,CEU,false,TRUE,1
NA12004,CEU,true,TRUE,1
NA12005,CEU,false,TRUE,1
NA12006,CEU,true,TRUE,1
NA12043,CEU,false,TRUE,1
NA12044,CEU,true,TRUE,1
NA12045,CEU,false,TRUE,1
NA12046,CEU,true,TRUE,1
NA12058,CEU,true,TRUE,1
NA12144,CEU,false,FALSE,0
NA12154,CEU,false,TRUE,1
NA12155,CEU,false,FALSE,0
NA12156,CEU,true,TRUE,1
NA12234,CEU,true,FALSE,0
NA12249,CEU,true,TRUE,1
NA12272,CEU,false,TRUE,1
NA12273,CEU,true,TRUE,1
NA12275,CEU,true,FALSE,0
NA12282,CEU,false,FALSE,0
NA12283,CEU,true,TRUE,1
NA12286,CEU,false,FALSE,0
NA12287,CEU,true,TRUE,1
NA12340,CEU,false,TRUE,1
NA12341,CEU,true,FALSE,0
NA12342,CEU,false,TRUE,1
NA12347,CEU,false,TRUE,1
NA12348,CEU,true,TRUE,1
NA12383,CEU,true,TRUE,1
NA12399,CEU,false,FALSE,0
NA12400,CEU,true,TRUE,1
NA12413,CEU,false,FALSE,0
NA12414,CEU,true,FALSE,0
NA12489,CEU,true,TRUE,1
NA12546,CEU,false,FALSE,0
NA12716,CEU,false,TRUE,1
NA12717,CEU,true,TRUE,1
NA12718,CEU,true,TRUE,1
NA12748,CEU,false,FALSE,0
NA12749,CEU,true,FALSE,0
NA12750,CEU,false,TRUE,1
NA12751,CEU,true,TRUE,1
NA12760,CEU,false,FALSE,0
NA12761,CEU,true,TRUE,1
NA12762,CEU,false,TRUE,1
NA12763,CEU,true,TRUE,1
NA12775,CEU,false,TRUE,1
NA12776,CEU,true,TRUE,1
NA12777,CEU,false,TRUE,1
NA12778,CEU,true,TRUE,1
NA12812,CEU,false,TRUE,1
NA12813,CEU,true,TRUE,1
NA12814,CEU,false,FALSE,0
NA12815,CEU,true,TRUE,1
NA12827,CEU,false,FALSE,0
NA12828,CEU,true,TRUE,1
NA12829,CEU,false,TRUE,1
NA12830,CEU,true,FALSE,0
NA12842,CEU,false,TRUE,1
NA12843,CEU,true,FALSE,0
NA12872,CEU,false,TRUE,1
NA12873,CEU,true,TRUE,1
NA12874,CEU,false,FALSE,0
NA12878,CEU,true,TRUE,1
NA12889,CEU,false,FALSE,0
NA12890,CEU,true,FALSE,0
NA18486,YRI,false,FALSE,0
NA18488,YRI,true,TRUE,1
NA18489,YRI,true,TRUE,1
NA18498,YRI,false,FALSE,0
NA18499,YRI,true,FALSE,0
NA18501,YRI,false,TRUE,1
NA18502,YRI,true,FALSE,0
NA18504,YRI,false,TRUE,1
NA18505,YRI,true,TRUE,1
NA18507,YRI,false,FALSE,0
NA18508,YRI,true,TRUE,1
NA18510,YRI,false,FALSE,0
NA18511,YRI,true,TRUE,1
NA18516,YRI,false,TRUE,1
NA18517,YRI,true,TRUE,1
NA18519,YRI,false,FALSE,0
NA18520,YRI,true,FALSE,0
NA18522,YRI,false,FALSE,0
NA18523,YRI,true,FALSE,0
NA18525,CHB,true,FALSE,0
NA18526,CHB,true,TRUE,1
NA18528,CHB,true,FALSE,0
NA18530,CHB,false,TRUE,1
NA18531,CHB,true,FALSE,0
NA18532,CHB,true,TRUE,1
NA18533,CHB,true,FALSE,0
NA18534,CHB,false,FALSE,0
NA18535,CHB,true,TRUE,1
NA18536,CHB,false,TRUE,1
NA18537,CHB,true,FALSE,0
NA18538,CHB,true,TRUE,1
NA18539,CHB,true,TRUE,1
NA18541,CHB,true,TRUE,1
NA18542,CHB,true,FALSE,0
NA18543,CHB,false,TRUE,1
NA18544,CHB,false,TRUE,1
NA18545,CHB,true,FALSE,0
NA18546,CHB,false,FALSE,0
NA18547,CHB,true,TRUE,1
NA18548,CHB,false,FALSE,0
NA18549,CHB,false,TRUE,1
NA18550,CHB,true,TRUE,1
NA18552,CHB,true,FALSE,0
NA18553,CHB,true,FALSE,0
NA18555,CHB,true,TRUE,1
NA18557,CHB,false,TRUE,1
NA18558,CHB,false,FALSE,0
NA18559,CHB,false,FALSE,0
NA18560,CHB,true,FALSE,0
NA18561,CHB,false,TRUE,1
NA18562,CHB,false,FALSE,0
NA18563,CHB,false,TRUE,1
NA18564,CHB,true,TRUE,1
NA18565,CHB,true,TRUE,1
NA18566,CHB,true,TRUE,1
NA18567,CHB,true,TRUE,1
NA18570,CHB,true,TRUE,1
NA18571,CHB,true,FALSE,0
NA18572,CHB,false,FALSE,0
NA18573,CHB,true,TRUE,1
NA18574,CHB,true,FALSE,0
NA18577,CHB,true,FALSE,0
NA18579,CHB,true,TRUE,1
NA18582,CHB,true,TRUE,1
NA18591,CHB,true,FALSE,0
NA18592,CHB,true,FALSE,0
NA18593,CHB,true,TRUE,1
NA18595,CHB,true,TRUE,1
NA18596,CHB,true,TRUE,1
NA18597,CHB,true,FALSE,0
NA18599,CHB,true,TRUE,1
NA18602,CHB,true,FALSE,0
NA18603,CHB,false,FALSE,0
NA18605,CHB,false,TRUE,1
NA18606,CHB,false,FALSE,0
NA18608,CHB,false,TRUE,1
NA18609,CHB,false,TRUE,1
NA18610,CHB,true,TRUE,1
NA18611,CHB,false,FALSE,0
NA18612,CHB,false,TRUE,1
NA18613,CHB,false,FALSE,0
NA18614,CHB,true,FALSE,0
NA18615,CHB,true,FALSE,0
NA18616,CHB,true,TRUE,1
NA18617,CHB,true,TRUE,1
NA18618,CHB,true,FALSE,0
NA18619,CHB,true,TRUE,1
NA18620,CHB,false,TRUE,1
NA18621,CHB,false,FALSE,0
NA18622,CHB,false,TRUE,1
NA18623,CHB,false,TRUE,1
NA18624,CHB,false,TRUE,1
NA18625,CHB,true,TRUE,1
NA18626,CHB,true,TRUE,1
NA18627,CHB,true,FALSE,0
NA18628,CHB,true,TRUE,1
NA18629,CHB,false,TRUE,1
NA18630,CHB,true,TRUE,1
NA18631,CHB,true,FALSE,0
NA18632,CHB,false,TRUE,1
NA18633,CHB,false,TRUE,1
NA18634,CHB,true,FALSE,0
NA18635,CHB,false,FALSE,0
NA18636,CHB,false,FALSE,0
NA18637,CHB,false,FALSE,0
NA18638,CHB,false,TRUE,1
NA18639,CHB,false,FALSE,0
NA18640,CHB,true,TRUE,1
NA18641,CHB,true,FALSE,0
NA18642,CHB,true,TRUE,1
NA18643,CHB,false,FALSE,0
NA18644,CHB,true,FALSE,0
NA18645,CHB,false,TRUE,1
NA18646,CHB,true,FALSE,0
NA18647,CHB,false,FALSE,0
NA18648,CHB,false,TRUE,1
NA18740,CHB,false,FALSE,0
NA18745,CHB,false,TRUE,1
NA18747,CHB,false,TRUE,1
NA18748,CHB,false,FALSE,0
NA18749,CHB,false,TRUE,1
NA18757,CHB,false,FALSE,0
NA18853,YRI,false,FALSE,0
NA18856,YRI,false,TRUE,1
NA18858,YRI,true,FALSE,0
NA18861,YRI,true,FALSE,0
NA18864,YRI,true,TRUE,1
NA18865,YRI,false,TRUE,1
NA18867,YRI,true,TRUE,1
NA18868,YRI,false,FALSE,0
NA18870,YRI,true,TRUE,1
NA18871,YRI,false,TRUE,1
NA18873,YRI,true,TRUE,1
NA18874,YRI,false,TRUE,1
NA18876,YRI,true,FALSE,0
NA18877,YRI,false,TRUE,1
NA18878,YRI,true,FALSE,0
NA18879,YRI,false,TRUE,1
NA18881,YRI,true,TRUE,1
NA18907,YRI,true,TRUE,1
NA18908,YRI,false,FALSE,0
NA18909,YRI,true,FALSE,0
NA18910,YRI,false,TRUE,1
NA18912,YRI,true,FALSE,0
NA18915,YRI,false,FALSE,0
NA18916,YRI,true,TRUE,1
NA18917,YRI,false,TRUE,1
NA18923,YRI,false,TRUE,1
NA18924,YRI,true,TRUE,1
NA18933,YRI,true,TRUE,1
NA18934,YRI,false,TRUE,1
NA18939,JPT,true,FALSE,0
NA18940,JPT,false,TRUE,1
NA18941,JPT,true,FALSE,0
NA18942,JPT,true,FALSE,0
NA18943,JPT,false,FALSE,0
NA18944,JPT,false,TRUE,1
NA18945,JPT,false,TRUE,1
NA18946,JPT,true,TRUE,1
NA18947,JPT,true,TRUE,1
NA18948,JPT,false,FALSE,0
NA18949,JPT,true,FALSE,0
NA18950,JPT,true,FALSE,0
NA18951,JPT,true,FALSE,0
NA18952,JPT,false,TRUE,1
NA18953,JPT,false,FALSE,0
NA18954,JPT,true,FALSE,0
NA18956,JPT,true,FALSE,0
NA18957,JPT,true,FALSE,0
NA18959,JPT,false,TRUE,1
NA18960,JPT,false,FALSE,0
NA18961,JPT,false,TRUE,1
NA18962,JPT,false,FALSE,0
NA18963,JPT,true,TRUE,1
NA18964,JPT,true,TRUE,1
NA18965,JPT,false,TRUE,1
NA18966,JPT,false,FALSE,0
NA18967,JPT,false,TRUE,1
NA18968,JPT,true,TRUE,1
NA18969,JPT,true,TRUE,1
NA18970,JPT,false,FALSE,0
NA18971,JPT,false,FALSE,0
NA18972,JPT,true,TRUE,1
NA18973,JPT,true,TRUE,1
NA18974,JPT,false,FALSE,0
NA18975,JPT,true,FALSE,0
NA18976,JPT,true,FALSE,0
NA18977,JPT,false,FALSE,0
NA18978,JPT,true,TRUE,1
NA18979,JPT,true,TRUE,1
NA18980,JPT,true,FALSE,0
NA18981,JPT,true,TRUE,1
NA18982,JPT,false,TRUE,1
NA18983,JPT,false,TRUE,1
NA18984,JPT,false,TRUE,1
NA18985,JPT,false,TRUE,1
NA18986,JPT,false,FALSE,0
NA18987,JPT,true,FALSE,0
NA18988,JPT,false,FALSE,0
NA18989,JPT,false,FALSE,0
NA18990,JPT,false,FALSE,0
NA18991,JPT,true,FALSE,0
NA18992,JPT,true,TRUE,1
NA18993,JPT,true,TRUE,1
NA18994,JPT,false,FALSE,0
NA18995,JPT,false,TRUE,1
NA18997,JPT,true,TRUE,1
NA18998,JPT,true,TRUE,1
NA18999,JPT,true,TRUE,1
NA19000,JPT,false,FALSE,0
NA19001,JPT,true,FALSE,0
NA19002,JPT,true,FALSE,0
NA19003,JPT,true,TRUE,1
NA19004,JPT,false,TRUE,1
NA19005,JPT,false,FALSE,0
NA19006,JPT,false,TRUE,1
NA19007,JPT,false,FALSE,0
NA19009,JPT,false,FALSE,0
NA19010,JPT,true,FALSE,0
NA19011,JPT,true,TRUE,1
NA19012,JPT,false,FALSE,0
NA19017,LWK,true,FALSE,0
NA19019,LWK,true,FALSE,0
NA19020,LWK,false,FALSE,0
NA19023,LWK,true,FALSE,0
NA19024,LWK,true,FALSE,0
NA19025,LWK,false,FALSE,0
NA19026,LWK,false,FALSE,0
NA19027,LWK,false,FALSE,0
NA19028,LWK,false,TRUE,1
NA19030,LWK,true,FALSE,0
NA19031,LWK,false,FALSE,0
NA19035,LWK,false,TRUE,1
NA19036,LWK,true,TRUE,1
NA19037,LWK,true,TRUE,1
NA19038,LWK,true,TRUE,1
NA19041,LWK,false,FALSE,0
NA19042,LWK,true,FALSE,0
NA19043,LWK,false,FALSE,0
NA19054,JPT,true,FALSE,0
NA19055,JPT,false,TRUE,1
NA19056,JPT,false,TRUE,1
NA19057,JPT,true,FALSE,0
NA19058,JPT,false,FALSE,0
NA19059,JPT,true,TRUE,1
NA19060,JPT,false,FALSE,0
NA19062,JPT,false,TRUE,1
NA19063,JPT,false,FALSE,0
NA19064,JPT,true,FALSE,0
NA19065,JPT,true,TRUE,1
NA19066,JPT,false,FALSE,0
NA19067,JPT,false,FALSE,0
NA19068,JPT,false,FALSE,0
NA19070,JPT,false,TRUE,1
NA19072,JPT,false,FALSE,0
NA19074,JPT,true,FALSE,0
NA19075,JPT,false,FALSE,0
NA19076,JPT,false,TRUE,1
NA19077,JPT,true,FALSE,0
NA19078,JPT,true,FALSE,0
NA19079,JPT,false,FALSE,0
NA19080,JPT,true,FALSE,0
NA19081,JPT,true,FALSE,0
NA19082,JPT,false,TRUE,1
NA19083,JPT,false,FALSE,0
NA19084,JPT,true,TRUE,1
NA19085,JPT,false,FALSE,0
NA19086,JPT,false,FALSE,0
NA19087,JPT,true,TRUE,1
NA19088,JPT,false,TRUE,1
NA19089,JPT,false,FALSE,0
NA19090,JPT,true,FALSE,0
NA19091,JPT,false,TRUE,1
NA19092,YRI,false,TRUE,1
NA19093,YRI,true,FALSE,0
NA19095,YRI,true,FALSE,0
NA19096,YRI,false,FALSE,0
NA19098,YRI,false,TRUE,1
NA19099,YRI,true,FALSE,0
NA19102,YRI,true,TRUE,1
NA19107,YRI,false,FALSE,0
NA19108,YRI,true,TRUE,1
NA19113,YRI,false,TRUE,1
NA19114,YRI,true,FALSE,0
NA19116,YRI,true,FALSE,0
NA19117,YRI,false,TRUE,1
NA19118,YRI,true,TRUE,1
NA19119,YRI,false,TRUE,1
NA19121,YRI,false,TRUE,1
NA19129,YRI,true,FALSE,0
NA19130,YRI,false,TRUE,1
NA19131,YRI,true,FALSE,0
NA19137,YRI,true,TRUE,1
NA19138,YRI,false,FALSE,0
NA19141,YRI,false,FALSE,0
NA19143,YRI,true,FALSE,0
NA19144,YRI,false,TRUE,1
NA19146,YRI,false,TRUE,1
NA19147,YRI,true,TRUE,1
NA19149,YRI,true,FALSE,0
NA19152,YRI,true,TRUE,1
NA19153,YRI,false,FALSE,0
NA19159,YRI,true,TRUE,1
NA19160,YRI,false,TRUE,1
NA19171,YRI,false,TRUE,1
NA19172,YRI,true,FALSE,0
NA19175,YRI,false,TRUE,1
NA19184,YRI,false,TRUE,1
NA19185,YRI,true,FALSE,0
NA19189,YRI,false,FALSE,0
NA19190,YRI,true,TRUE,1
NA19197,YRI,true,TRUE,1
NA19198,YRI,false,TRUE,1
NA19200,YRI,false,FALSE,0
NA19201,YRI,true,FALSE,0
NA19204,YRI,true,FALSE,0
NA19206,YRI,true,FALSE,0
NA19207,YRI,false,FALSE,0
NA19209,YRI,true,FALSE,0
NA19210,YRI,false,FALSE,0
NA19213,YRI,false,FALSE,0
NA19214,YRI,true,TRUE,1
NA19222,YRI,true,TRUE,1
NA19223,YRI,false,FALSE,0
NA19225,YRI,true,FALSE,0
NA19235,YRI,true,FALSE,0
NA19236,YRI,false,TRUE,1
NA19238,YRI,true,TRUE,1
NA19239,YRI,false,TRUE,1
NA19247,YRI,true,FALSE,0
NA19248,YRI,false,FALSE,0
NA19256,YRI,false,FALSE,0
NA19257,YRI,true,FALSE,0
NA19307,LWK,false,TRUE,1
NA19308,LWK,false,TRUE,1
NA19309,LWK,false,TRUE,1
NA19310,LWK,true,FALSE,0
NA19312,LWK,false,TRUE,1
NA19314,LWK,true,TRUE,1
NA19315,LWK,true,TRUE,1
NA19316,LWK,true,TRUE,1
NA19317,LWK,false,TRUE,1
NA19318,LWK,false,FALSE,0
NA19319,LWK,false,FALSE,0
NA19320,LWK,true,TRUE,1
NA19321,LWK,true,FALSE,0
NA19323,LWK,true,FALSE,0
NA19324,LWK,true,FALSE,0
NA19327,LWK,true,FALSE,0
NA19328,LWK,true,TRUE,1
NA19331,LWK,false,TRUE,1
NA19332,LWK,true,TRUE,1
NA19334,LWK,false,FALSE,0
NA19338,LWK,true,FALSE,0
NA19346,LWK,false,FALSE,0
NA19347,LWK,false,TRUE,1
NA19350,LWK,false,TRUE,1
NA19351,LWK,true,TRUE,1
NA19355,LWK,true,TRUE,1
NA19360,LWK,false,FALSE,0
NA19372,LWK,false,FALSE,0
NA19374,LWK,false,TRUE,1
NA19375,LWK,false,FALSE,0
NA19376,LWK,false,TRUE,1
NA19377,LWK,true,FALSE,0
NA19378,LWK,true,FALSE,0
NA19379,LWK,true,TRUE,1
NA19380,LWK,false,FALSE,0
NA19383,LWK,false,TRUE,1
NA19384,LWK,false,FALSE,0
NA19385,LWK,false,FALSE,0
NA19390,LWK,true,TRUE,1
NA19391,LWK,true,TRUE,1
NA19393,LWK,false,FALSE,0
NA19394,LWK,false,FALSE,0
NA19395,LWK,true,TRUE,1
NA19397,LWK,false,FALSE,0
NA19399,LWK,true,FALSE,0
NA19401,LWK,true,TRUE,1
NA19403,LWK,true,TRUE,1
NA19404,LWK,true,TRUE,1
NA19428,LWK,false,TRUE,1
NA19429,LWK,false,FALSE,0
NA19430,LWK,false,FALSE,0
NA19431,LWK,true,TRUE,1
NA19434,LWK,true,FALSE,0
NA19435,LWK,true,TRUE,1
NA19436,LWK,true,TRUE,1
NA19437,LWK,true,TRUE,1
NA19438,LWK,true,FALSE,0
NA19439,LWK,true,TRUE,1
NA19440,LWK,true,TRUE,1
NA19443,LWK,false,FALSE,0
NA19445,LWK,true,FALSE,0
NA19446,LWK,true,TRUE,1
NA19448,LWK,false,TRUE,1
NA19449,LWK,true,TRUE,1
NA19451,LWK,false,TRUE,1
NA19452,LWK,false,FALSE,0
NA19454,LWK,false,FALSE,0
NA19455,LWK,false,FALSE,0
NA19456,LWK,true,FALSE,0
NA19457,LWK,true,TRUE,1
NA19461,LWK,false,TRUE,1
NA19462,LWK,true,FALSE,0
NA19463,LWK,true,TRUE,1
NA19466,LWK,false,TRUE,1
NA19467,LWK,true,FALSE,0
NA19468,LWK,true,FALSE,0
NA19471,LWK,true,TRUE,1
NA19472,LWK,true,FALSE,0
NA19473,LWK,true,TRUE,1
NA19474,LWK,true,TRUE,1
NA19475,LWK,true,FALSE,0
NA19625,ASW,true,FALSE,0
NA19648,MXL,true,FALSE,0
NA19649,MXL,false,FALSE,0
NA19651,MXL,true,TRUE,1
NA19652,MXL,false,FALSE,0
NA19654,MXL,true,TRUE,1
NA19655,MXL,false,TRUE,1
NA19657,MXL,true,FALSE,0
NA19658,MXL,false,TRUE,1
NA19661,MXL,false,FALSE,0
NA19663,MXL,true,TRUE,1
NA19664,MXL,false,TRUE,1
NA19669,MXL,true,TRUE,1
NA19670,MXL,false,TRUE,1
NA19676,MXL,false,TRUE,1
NA19678,MXL,true,TRUE,1
NA19679,MXL,false,FALSE,0
NA19681,MXL,true,FALSE,0
NA19682,MXL,false,TRUE,1
NA19684,MXL,true,TRUE,1
NA19700,ASW,false,FALSE,0
NA19701,ASW,true,TRUE,1
NA19703,ASW,false,FALSE,0
NA19704,ASW,true,FALSE,0
NA19707,ASW,true,TRUE,1
NA19711,ASW,false,TRUE,1
NA19712,ASW,true,TRUE,1
NA19713,ASW,true,FALSE,0
NA19716,MXL,true,TRUE,1
NA19717,MXL,false,FALSE,0
NA19719,MXL,true,TRUE,1
NA19720,MXL,false,TRUE,1
NA19722,MXL,true,TRUE,1
NA19723,MXL,false,TRUE,1
NA19725,MXL,true,FALSE,0
NA19726,MXL,false,TRUE,1
NA19728,MXL,true,FALSE,0
NA19729,MXL,false,TRUE,1
NA19731,MXL,true,TRUE,1
NA19732,MXL,false,FALSE,0
NA19734,MXL,true,TRUE,1
NA19735,MXL,false,TRUE,1
NA19740,MXL,true,FALSE,0
NA19741,MXL,false,FALSE,0
NA19746,MXL,true,TRUE,1
NA19747,MXL,false,FALSE,0
NA19749,MXL,true,FALSE,0
NA19750,MXL,false,TRUE,1
NA19752,MXL,true,FALSE,0
NA19755,MXL,true,TRUE,1
NA19756,MXL,false,TRUE,1
NA19758,MXL,true,FALSE,0
NA19759,MXL,false,FALSE,0
NA19761,MXL,true,FALSE,0
NA19762,MXL,false,FALSE,0
NA19764,MXL,true,FALSE,0
NA19770,MXL,true,FALSE,0
NA19771,MXL,false,TRUE,1
NA19773,MXL,true,TRUE,1
NA19774,MXL,false,TRUE,1
NA19776,MXL,true,FALSE,0
NA19777,MXL,false,FALSE,0
NA19779,MXL,true,FALSE,0
NA19780,MXL,false,FALSE,0
NA19782,MXL,true,TRUE,1
NA19783,MXL,false,FALSE,0
NA19785,MXL,true,TRUE,1
NA19786,MXL,false,FALSE,0
NA19788,MXL,true,TRUE,1
NA19789,MXL,false,FALSE,0
NA19792,MXL,false,TRUE,1
NA19794,MXL,true,TRUE,1
NA19795,MXL,false,TRUE,1
NA19818,ASW,false,TRUE,1
NA19819,ASW,true,FALSE,0
NA19834,ASW,false,TRUE,1
NA19835,ASW,true,FALSE,0
NA19900,ASW,false,TRUE,1
NA19901,ASW,true,FALSE,0
NA19904,ASW,false,TRUE,1
NA19908,ASW,false,TRUE,1
NA19909,ASW,true,TRUE,1
NA19913,ASW,true,FALSE,0
NA19914,ASW,true,TRUE,1
NA19916,ASW,false,TRUE,1
NA19917,ASW,true,FALSE,0
NA19920,ASW,false,FALSE,0
NA19921,ASW,true,TRUE,1
NA19922,ASW,false,FALSE,0
NA19923,ASW,true,FALSE,0
NA19982,ASW,false,FALSE,0
NA19984,ASW,false,FALSE,0
NA20126,ASW,false,FALSE,0
NA20127,ASW,true,FALSE,0
NA20274,ASW,true,FALSE,0
NA20276,ASW,true,FALSE,0
NA20278,ASW,false,FALSE,0
NA20281,ASW,false,FALSE,0
NA20282,ASW,true,FALSE,0
NA20287,ASW,true,TRUE,1
NA20289,ASW,true,FALSE,0
NA20291,ASW,false,TRUE,1
NA20294,ASW,true,TRUE,1
NA20296,ASW,true,TRUE,1
NA20298,ASW,false,TRUE,1
NA20299,ASW,true,FALSE,0
NA20314,ASW,true,FALSE,0
NA20317,ASW,true,TRUE,1
NA20318,ASW,false,FALSE,0
NA20320,ASW,true,FALSE,0
NA20321,ASW,true,FALSE,0
NA20332,ASW,true,TRUE,1
NA20334,ASW,true,FALSE,0
NA20339,ASW,true,FALSE,0
NA20340,ASW,false,TRUE,1
NA20342,ASW,false,TRUE,1
NA20346,ASW,false,FALSE,0
NA20348,ASW,false,FALSE,0
NA20351,ASW,false,TRUE,1
NA20355,ASW,true,TRUE,1
NA20356,ASW,false,FALSE,0
NA20357,ASW,true,TRUE,1
NA20359,ASW,true,FALSE,0
NA20362,ASW,false,TRUE,1
NA20412,ASW,true,TRUE,1
NA20502,TSI,true,FALSE,0
NA20503,TSI,true,FALSE,0
NA20504,TSI,true,FALSE,0
NA20505,TSI,true,FALSE,0
NA20506,TSI,true,TRUE,1
NA20507,TSI,true,TRUE,1
NA20508,TSI,true,TRUE,1
NA20509,TSI,false,TRUE,1
NA20510,TSI,false,TRUE,1
NA20511,TSI,false,FALSE,0
NA20512,TSI,false,FALSE,0
NA20513,TSI,false,TRUE,1
NA20514,TSI,true,FALSE,0
NA20515,TSI,false,TRUE,1
NA20516,TSI,false,FALSE,0
NA20517,TSI,true,TRUE,1
NA20518,TSI,false,FALSE,0
NA20519,TSI,false,FALSE,0
NA20520,TSI,false,FALSE,0
NA20521,TSI,false,FALSE,0
NA20522,TSI,true,TRUE,1
NA20524,TSI,false,FALSE,0
NA20525,TSI,false,TRUE,1
NA20527,TSI,false,FALSE,0
NA20528,TSI,false,TRUE,1
NA20529,TSI,true,TRUE,1
NA20530,TSI,true,TRUE,1
NA20531,TSI,true,FALSE,0
NA20532,TSI,false,FALSE,0
NA20533,TSI,true,TRUE,1
NA20534,TSI,false,FALSE,0
NA20535,TSI,true,FALSE,0
NA20536,TSI,false,FALSE,0
NA20538,TSI,false,TRUE,1
NA20539,TSI,false,TRUE,1
NA20540,TSI,true,TRUE,1
NA20541,TSI,true,TRUE,1
NA20542,TSI,true,FALSE,0
NA20543,TSI,false,TRUE,1
NA20544,TSI,false,FALSE,0
NA20581,TSI,false,TRUE,1
NA20582,TSI,true,FALSE,0
NA20585,TSI,true,TRUE,1
NA20586,TSI,false,TRUE,1
NA20587,TSI,true,TRUE,1
NA20588,TSI,false,TRUE,1
NA20589,TSI,true,FALSE,0
NA20752,TSI,false,TRUE,1
NA20753,TSI,true,FALSE,0
NA20754,TSI,false,FALSE,0
NA20755,TSI,false,TRUE,1
NA20756,TSI,true,FALSE,0
NA20757,TSI,true,TRUE,1
NA20758,TSI,false,TRUE,1
NA20759,TSI,false,FALSE,0
NA20760,TSI,true,FALSE,0
NA20761,TSI,true,FALSE,0
NA20762,TSI,false,TRUE,1
NA20763,TSI,false,FALSE,0
NA20764,TSI,true,TRUE,1
NA20765,TSI,false,FALSE,0
NA20766,TSI,true,TRUE,1
NA20767,TSI,false,TRUE,1
NA20768,TSI,true,TRUE,1
NA20769,TSI,true,FALSE,0
NA20770,TSI,false,TRUE,1
NA20771,TSI,true,FALSE,0
NA20772,TSI,true,FALSE,0
NA20773,TSI,true,FALSE,0
NA20774,TSI,true,FALSE,0
NA20775,TSI,true,FALSE,0
NA20778,TSI,false,TRUE,1
NA20783,TSI,false,TRUE,1
NA20785,TSI,false,TRUE,1
NA20786,TSI,true,FALSE,0
NA20787,TSI,false,FALSE,0
NA20790,TSI,true,TRUE,1
NA20792,TSI,false,FALSE,0
NA20795,TSI,true,FALSE,0
NA20796,TSI,false,FALSE,0
NA20797,TSI,true,FALSE,0
NA20798,TSI,false,TRUE,1
NA20799,TSI,true,TRUE,1
NA20800,TSI,true,FALSE,0
NA20801,TSI,false,FALSE,0
NA20802,TSI,true,TRUE,1
NA20803,TSI,false,TRUE,1
NA20804,TSI,true,TRUE,1
NA20805,TSI,false,FALSE,0
NA20806,TSI,false,FALSE,0
NA20807,TSI,true,FALSE,0
NA20808,TSI,true,TRUE,1
NA20809,TSI,false,FALSE,0
NA20810,TSI,false,TRUE,1
NA20811,TSI,false,TRUE,1
NA20812,TSI,false,TRUE,1
NA20813,TSI,true,TRUE,1
NA20814,TSI,false,TRUE,1
NA20815,TSI,false,TRUE,1
NA20818,TSI,true,FALSE,0
NA20819,TSI,true,TRUE,1
NA20821,TSI,true,TRUE,1
NA20822,TSI,true,FALSE,0
NA20826,TSI,true,TRUE,1
NA20827,TSI,false,FALSE,0
NA20828,TSI,true,TRUE,1
NA20832,TSI,true,TRUE,1
NA20845,GIH,false,FALSE,0
NA20846,GIH,false,FALSE,0
NA20847,GIH,true,TRUE,1
NA20849,GIH,true,FALSE,0
NA20850,GIH,false,TRUE,1
NA20851,GIH,true,TRUE,1
NA20852,GIH,false,FALSE,0
NA20853,GIH,true,FALSE,0
NA20854,GIH,true,TRUE,1
NA20856,GIH,true,TRUE,1
NA20858,GIH,false,FALSE,0
NA20859,GIH,true,FALSE,0
NA20861,GIH,false,FALSE,0
NA20862,GIH,true,FALSE,0
NA20863,GIH,false,FALSE,0
NA20864,GIH,false,FALSE,0
NA20866,GIH,false,FALSE,0
NA20867,GIH,false,TRUE,1
NA20868,GIH,true,FALSE,0
NA20869,GIH,true,TRUE,1
NA20870,GIH,false,FALSE,0
NA20872,GIH,true,TRUE,1
NA20874,GIH,true,FALSE,0
NA20875,GIH,true,TRUE,1
NA20876,GIH,true,FALSE,0
NA20877,GIH,true,FALSE,0
NA20878,GIH,true,TRUE,1
NA20881,GIH,true,TRUE,1
NA20882,GIH,true,TRUE,1
NA20884,GIH,false,FALSE,0
NA20885,GIH,false,FALSE,0
NA20886,GIH,true,TRUE,1
NA20887,GIH,false,FALSE,0
NA20888,GIH,true,TRUE,1
NA20889,GIH,false,TRUE,1
NA20890,GIH,false,FALSE,0
NA20891,GIH,false,FALSE,0
NA20892,GIH,true,TRUE,1
NA20894,GIH,true,TRUE,1
NA20895,GIH,false,FALSE,0
NA20896,GIH,true,TRUE,1
NA20897,GIH,false,TRUE,1
NA20899,GIH,true,FALSE,0
NA20900,GIH,true,TRUE,1
NA20901,GIH,false,FALSE,0
NA20902,GIH,true,TRUE,1
NA20903,GIH,false,TRUE,1
NA20904,GIH,false,TRUE,1
NA20905,GIH,false,TRUE,1
NA20906,GIH,true,FALSE,0
NA20908,GIH,true,FALSE,0
NA20910,GIH,true,TRUE,1
NA20911,GIH,false,TRUE,1
NA21086,GIH,true,FALSE,0
NA21087,GIH,false,TRUE,1
NA21088,GIH,true,TRUE,1
NA21089,GIH,true,FALSE,0
NA21090,GIH,false,TRUE,1
NA21091,GIH,false,FALSE,0
NA21092,GIH,false,TRUE,1
NA21093,GIH,false,FALSE,0
NA21094,GIH,false,TRUE,1
NA21095,GIH,false,TRUE,1
NA21097,GIH,true,TRUE,1
NA21098,GIH,false,FALSE,0
NA21099,GIH,false,TRUE,1
NA21100,GIH,false,TRUE,1
NA21101,GIH,true,TRUE,1
NA21102,GIH,true,FALSE,0
NA21103,GIH,true,FALSE,0
NA21104,GIH,false,TRUE,1
NA21105,GIH,false,FALSE,0
NA21106,GIH,true,FALSE,0
NA21107,GIH,false,TRUE,1
NA21108,GIH,true,FALSE,0
NA21109,GIH,false,FALSE,0
NA21110,GIH,true,FALSE,0
NA21111,GIH,false,FALSE,0
NA21112,GIH,false,FALSE,0
NA21113,GIH,false,FALSE,0
NA21114,GIH,false,FALSE,0
NA21115,GIH,false,TRUE,1
NA21116,GIH,false,FALSE,0
NA21117,GIH,false,TRUE,1
NA21118,GIH,false,TRUE,1
NA21119,GIH,false,TRUE,1
NA21120,GIH,true,FALSE,0
NA21122,GIH,true,TRUE,1
NA21123,GIH,false,TRUE,1
NA21124,GIH,false,FALSE,0
NA21125,GIH,true,FALSE,0
NA21126,GIH,false,TRUE,1
NA21127,GIH,false,TRUE,1
NA21128,GIH,false,TRUE,1
NA21129,GIH,false,TRUE,1
NA21130,GIH,false,FALSE,0
NA21133,GIH,false,FALSE,0
NA21135,GIH,false,FALSE,0
NA21137,GIH,true,TRUE,1
NA21141,GIH,true,TRUE,1
NA21142,GIH,true,FALSE,0
NA21143,GIH,true,TRUE,1
NA21144,GIH,true,FALSE,0
